finish,finishdetails,winner,finishround,totalfighttimesecs
KO/TKO,,Red,1.0,181.0
KO/TKO,Elbow,Blue,1.0,199.0
KO/TKO,Punches,Red,1.0,47.0
KO/TKO,Elbows,Red,3.0,676.0
SUB,Arm Triangle,Red,2.0,520.0
KO/TKO,,Blue,1.0,44.0
S-DEC,,Blue,3.0,900.0
U-DEC,,Blue,3.0,900.0
KO/TKO,Punch,Red,1.0,121.0
KO/TKO,Punches,Red,1.0,233.0
U-DEC,,Red,3.0,900.0
KO/TKO,Punches,Blue,1.0,228.0
U-DEC,,Red,5.0,1500.0
SUB,Rear Naked Choke,Red,2.0,560.0
DQ,,Red,3.0,690.0
KO/TKO,Punches,Red,1.0,167.0
SUB,Rear Naked Choke,Red,2.0,510.0
SUB,Heel Hook,Red,1.0,45.0
KO/TKO,Punches,Blue,1.0,253.0
KO/TKO,Punches,Red,1.0,289.0
S-DEC,,Red,3.0,900.0
SUB,Rear Naked Choke,Red,3.0,772.0
KO/TKO,Punches,Blue,2.0,329.0
KO/TKO,Punch,Red,1.0,39.0
KO/TKO,,Red,2.0,467.0
SUB,Anaconda Choke,Blue,1.0,295.0
U-DEC,,Blue,5.0,1500.0
KO/TKO,Kick,Red,3.0,728.0
KO/TKO,Punches,Blue,2.0,470.0
KO/TKO,Punches,Red,3.0,880.0
SUB,Guillotine Choke,Red,2.0,521.0
SUB,Armbar,Blue,2.0,570.0
KO/TKO,,Blue,1.0,162.0
KO/TKO,Punches,Blue,2.0,564.0
KO/TKO,Punches,Blue,1.0,215.0
KO/TKO,Punches,Red,2.0,383.0
SUB,Rear Naked Choke,Blue,2.0,505.0
M-DEC,,Blue,3.0,900.0
SUB,Rear Naked Choke,Blue,2.0,430.0
SUB,Guillotine Choke,Blue,1.0,66.0
KO/TKO,Punches,Blue,1.0,133.0
KO/TKO,Knee,Red,1.0,208.0
,,Blue,,
KO/TKO,Punch,Blue,3.0,755.0
KO/TKO,Punches,Red,3.0,893.0
KO/TKO,Punch,Blue,1.0,295.0
KO/TKO,Elbows,Blue,2.0,547.0
SUB,Guillotine Choke,Blue,1.0,105.0
SUB,Triangle Choke,Red,3.0,884.0
,,Red,,
SUB,Guillotine Choke,Blue,2.0,408.0
KO/TKO,Punches,Red,2.0,557.0
SUB,Rear Naked Choke,Red,2.0,521.0
KO/TKO,Punches,Blue,1.0,272.0
KO/TKO,Punches,Blue,2.0,565.0
KO/TKO,Punches,Blue,2.0,492.0
KO/TKO,Punch,Red,1.0,67.0
SUB,Arm Triangle,Red,2.0,439.0
SUB,Triangle Choke,Red,3.0,880.0
SUB,Armbar,Red,2.0,422.0
KO/TKO,Slam,Red,3.0,755.0
KO/TKO,Punches,Blue,2.0,488.0
SUB,Armbar,Blue,2.0,485.0
SUB,Triangle Choke,Red,3.0,790.0
KO/TKO,Punches,Blue,2.0,569.0
SUB,Armbar,Blue,1.0,41.0
SUB,Rear Naked Choke,Blue,1.0,149.0
KO/TKO,,Blue,3.0,741.0
KO/TKO,Elbows,Red,1.0,112.0
KO/TKO,Punch,Blue,1.0,64.0
SUB,Triangle Choke,Red,5.0,1390.0
SUB,Injury,Red,3.0,711.0
KO/TKO,Punches,Blue,2.0,375.0
KO/TKO,Punches,Red,2.0,340.0
SUB,Arm Triangle,Red,1.0,195.0
KO/TKO,Punch,Red,2.0,322.0
SUB,Guillotine Choke,Red,2.0,413.0
SUB,Armbar,Red,1.0,121.0
SUB,Armbar,Red,3.0,791.0
SUB,Guillotine Choke,Red,3.0,842.0
SUB,Arm Triangle,Red,1.0,199.0
KO/TKO,Punches,Red,1.0,67.0
SUB,Rear Naked Choke,Red,2.0,409.0
SUB,Rear Naked Choke,Blue,3.0,745.0
KO/TKO,Punches,Red,1.0,208.0
SUB,Guillotine Choke,Red,1.0,133.0
SUB,Armbar,Blue,1.0,63.0
SUB,Guillotine Choke,Red,1.0,227.0
,,,,
SUB,Rear Naked Choke,Blue,2.0,461.0
KO/TKO,Punch,Blue,1.0,267.0
KO/TKO,Punches,Blue,3.0,648.0
SUB,Triangle Choke,Red,1.0,285.0
SUB,Rear Naked Choke,Red,3.0,703.0
KO/TKO,Punches,Blue,1.0,252.0
SUB,Arm Triangle,Red,3.0,681.0
KO/TKO,Punches,Red,1.0,108.0
SUB,Anaconda Choke,Blue,1.0,73.0
SUB,Rear Naked Choke,Red,1.0,217.0
SUB,Kneebar,Blue,1.0,141.0
SUB,Rear Naked Choke,Red,2.0,393.0
KO/TKO,Punches,Blue,1.0,226.0
KO/TKO,Elbows,Red,1.0,140.0
SUB,Kimura,Red,2.0,463.0
KO/TKO,Punches,Blue,1.0,107.0
SUB,Guillotine Choke,Blue,2.0,431.0
KO/TKO,Punch,Blue,1.0,21.0
KO/TKO,Kicks,Blue,3.0,626.0
KO/TKO,Elbows,Red,2.0,496.0
SUB,Kimura,Red,2.0,475.0
SUB,Guillotine Choke,Red,1.0,123.0
KO/TKO,Flying Knee,Blue,1.0,51.0
SUB,Other - Choke,Blue,3.0,873.0
SUB,Kneebar,Red,1.0,119.0
KO/TKO,Punch,Blue,1.0,114.0
SUB,Triangle Choke,Red,1.0,153.0
KO/TKO,Punches,Red,1.0,235.0
KO/TKO,Knee,Blue,1.0,217.0
SUB,Guillotine Choke,Red,2.0,567.0
SUB,Kimura,Red,1.0,225.0
KO/TKO,Punch,Red,3.0,753.0
KO/TKO,Punches,Blue,1.0,260.0
SUB,Rear Naked Choke,Blue,2.0,573.0
SUB,Injury,Red,1.0,202.0
KO/TKO,Punch,Red,1.0,88.0
KO/TKO,Punch,Red,1.0,179.0
KO/TKO,Knees,Red,1.0,178.0
KO/TKO,Kick,Red,1.0,205.0
SUB,Rear Naked Choke,Red,2.0,528.0
SUB,Guillotine Choke,Red,2.0,560.0
KO/TKO,Punch,Red,1.0,21.0
KO/TKO,Punches,Red,2.0,329.0
KO/TKO,Kick,Red,2.0,402.0
SUB,Rear Naked Choke,Red,1.0,267.0
SUB,Rear Naked Choke,Blue,1.0,95.0
KO/TKO,Punch,Red,2.0,401.0
KO/TKO,Punches,Red,2.0,414.0
SUB,Rear Naked Choke,Blue,1.0,165.0
SUB,Guillotine Choke,Red,1.0,48.0
SUB,Guillotine Choke,Red,1.0,210.0
KO/TKO,Punch,Blue,1.0,54.0
SUB,Kneebar,Blue,2.0,404.0
KO/TKO,,Red,1.0,300.0
KO/TKO,Punches,Blue,2.0,587.0
KO/TKO,Punch,Blue,2.0,388.0
KO/TKO,Punch,Red,1.0,152.0
KO/TKO,Knee,Red,3.0,735.0
KO/TKO,Punches,Red,1.0,135.0
KO/TKO,Knee,Blue,3.0,757.0
SUB,Rear Naked Choke,Blue,1.0,198.0
SUB,Other - Lock,Red,2.0,599.0
KO/TKO,Elbows,Blue,2.0,507.0
KO/TKO,Punch,Red,1.0,95.0
KO/TKO,,Blue,2.0,600.0
SUB,Guillotine Choke,Blue,2.0,550.0
SUB,Guillotine Choke,Blue,3.0,744.0
KO/TKO,Elbow,Red,1.0,90.0
KO/TKO,Punch,Red,1.0,162.0
SUB,Triangle Choke,Red,1.0,97.0
KO/TKO,Spinning Back Fist,Red,3.0,687.0
KO/TKO,Kick,Red,2.0,365.0
KO/TKO,Punch,Red,1.0,20.0
SUB,Triangle Choke,Blue,1.0,271.0
KO/TKO,Punch,Red,2.0,569.0
SUB,Rear Naked Choke,Red,2.0,508.0
KO/TKO,Punch,Blue,1.0,251.0
KO/TKO,Punch,Red,1.0,48.0
KO/TKO,Punch,Blue,3.0,794.0
KO/TKO,Punches,Blue,1.0,234.0
SUB,Rear Naked Choke,Red,3.0,717.0
KO/TKO,Punch,Red,1.0,241.0
KO/TKO,Punches,Red,2.0,499.0
SUB,Guillotine Choke,Blue,1.0,294.0
KO/TKO,Punches,Red,3.0,686.0
SUB,Rear Naked Choke,Red,3.0,813.0
KO/TKO,Punch,Blue,1.0,232.0
KO/TKO,Punch,Red,1.0,159.0
KO/TKO,Punches,Blue,2.0,568.0
SUB,Kimura,Red,1.0,118.0
KO/TKO,Punches,Red,1.0,282.0
KO/TKO,Punches,Red,1.0,281.0
KO/TKO,Flying Knee,Red,1.0,178.0
KO/TKO,Punch,Blue,1.0,59.0
KO/TKO,Punch,Red,1.0,132.0
SUB,Guillotine Choke,Red,1.0,116.0
KO/TKO,Punches,Blue,1.0,27.0
KO/TKO,Elbows,Blue,1.0,268.0
KO/TKO,Punches,Blue,2.0,514.0
KO/TKO,Knee,Red,2.0,588.0
KO/TKO,Punches,Red,1.0,234.0
KO/TKO,Punches,Red,1.0,112.0
KO/TKO,Punches,Blue,2.0,518.0
SUB,Guillotine Choke,Red,2.0,458.0
SUB,Guillotine Choke,Blue,3.0,856.0
KO/TKO,Punches,Red,1.0,181.0
SUB,Heel Hook,Red,1.0,255.0
KO/TKO,Punches,Red,2.0,350.0
SUB,Rear Naked Choke,Red,2.0,492.0
KO/TKO,Punches,Red,2.0,424.0
KO/TKO,Punch,Red,1.0,40.0
KO/TKO,Punches,Red,1.0,113.0
KO/TKO,Punches,Red,2.0,471.0
KO/TKO,Punches,Red,1.0,228.0
SUB,Rear Naked Choke,Blue,2.0,372.0
SUB,Rear Naked Choke,Blue,2.0,529.0
KO/TKO,Knee,Blue,1.0,53.0
SUB,Rear Naked Choke,Red,1.0,160.0
SUB,Triangle Choke,Red,1.0,232.0
KO/TKO,Punches,Blue,1.0,299.0
SUB,Armbar,Red,1.0,267.0
KO/TKO,Punches,Red,2.0,570.0
KO/TKO,Kick,Red,1.0,169.0
KO/TKO,,Red,2.0,600.0
SUB,Heel Hook,Blue,1.0,180.0
KO/TKO,Knee,Red,2.0,592.0
SUB,Triangle Choke,Blue,2.0,502.0
SUB,Armbar,Blue,3.0,732.0
KO/TKO,Punches,Red,1.0,77.0
KO/TKO,Kick,Red,2.0,464.0
SUB,Arm Triangle,Red,2.0,531.0
KO/TKO,Punches,Red,4.0,1134.0
SUB,Rear Naked Choke,Blue,1.0,47.0
SUB,Rear Naked Choke,Blue,1.0,142.0
KO/TKO,Punches,Blue,1.0,165.0
SUB,Rear Naked Choke,Blue,1.0,249.0
KO/TKO,Knee,Blue,1.0,40.0
SUB,Rear Naked Choke,Blue,2.0,489.0
SUB,Guillotine Choke,Red,1.0,17.0
SUB,Rear Naked Choke,Red,1.0,212.0
M-DEC,,Red,3.0,900.0
SUB,Arm Triangle,Blue,2.0,436.0
KO/TKO,Punch,Red,1.0,94.0
SUB,D'Arce Choke,Red,2.0,392.0
KO/TKO,Punches,Red,1.0,292.0
SUB,Guillotine Choke,Blue,2.0,342.0
KO/TKO,Punches,Red,1.0,56.0
KO/TKO,Punch,Red,1.0,77.0
SUB,D'Arce Choke,Blue,1.0,127.0
SUB,Guillotine Choke,Red,2.0,387.0
KO/TKO,Knee,Red,2.0,589.0
SUB,Rear Naked Choke,Red,2.0,518.0
SUB,Armbar,Red,1.0,291.0
KO/TKO,Punches,Blue,1.0,69.0
KO/TKO,Knees,Blue,3.0,718.0
KO/TKO,Knees,Red,3.0,814.0
SUB,Rear Naked Choke,Red,3.0,622.0
KO/TKO,Punches,Blue,1.0,114.0
SUB,Rear Naked Choke,Blue,1.0,178.0
SUB,Guillotine Choke,Red,2.0,566.0
KO/TKO,Punches,Blue,1.0,35.0
KO/TKO,Punch,Blue,1.0,7.0
KO/TKO,Punches,Blue,2.0,576.0
KO/TKO,Elbows,Blue,2.0,370.0
KO/TKO,Punches,Blue,1.0,195.0
KO/TKO,Kick,Blue,1.0,146.0
KO/TKO,Punch,Blue,1.0,12.0
KO/TKO,Punch,Blue,1.0,133.0
KO/TKO,Kick,Red,3.0,722.0
DQ,,Blue,1.0,29.0
SUB,Rear Naked Choke,Red,1.0,202.0
KO/TKO,Knee,Red,1.0,299.0
KO/TKO,Knees,Blue,1.0,82.0
SUB,Heel Hook,Red,1.0,63.0
SUB,Rear Naked Choke,Red,1.0,289.0
SUB,Rear Naked Choke,Red,1.0,97.0
SUB,Guillotine Choke,Blue,1.0,184.0
SUB,Rear Naked Choke,Red,1.0,243.0
KO/TKO,Punches,Red,2.0,391.0
KO/TKO,Elbows,Blue,1.0,22.0
SUB,Rear Naked Choke,Blue,3.0,728.0
SUB,Rear Naked Choke,Blue,1.0,184.0
KO/TKO,Punch,Red,1.0,218.0
SUB,Other - Lock,Red,1.0,103.0
SUB,Guillotine Choke,Red,3.0,668.0
KO/TKO,Punch,Red,2.0,442.0
KO/TKO,Punches,Blue,1.0,264.0
KO/TKO,Kick,Blue,1.0,253.0
SUB,Armbar,Red,1.0,203.0
SUB,Rear Naked Choke,Red,2.0,403.0
KO/TKO,Punches,Red,2.0,379.0
SUB,Rear Naked Choke,Red,1.0,225.0
KO/TKO,Punches,Red,1.0,92.0
KO/TKO,Punches,Red,2.0,532.0
KO/TKO,Punch,Red,1.0,43.0
KO/TKO,Kick,Red,1.0,81.0
KO/TKO,Punches,Red,1.0,131.0
SUB,Armbar,Blue,1.0,269.0
KO/TKO,Punches,Red,2.0,441.0
KO/TKO,Punches,Blue,3.0,654.0
KO/TKO,Punch,Blue,2.0,332.0
KO/TKO,Punches,Red,1.0,299.0
KO/TKO,Punches,Red,1.0,128.0
KO/TKO,Punch,Red,2.0,311.0
SUB,Armbar,Blue,1.0,125.0
KO/TKO,Punches,Blue,2.0,533.0
SUB,Armbar,Red,1.0,55.0
SUB,Guillotine Choke,Blue,3.0,852.0
SUB,Rear Naked Choke,Red,2.0,545.0
KO/TKO,Punch,Red,1.0,146.0
SUB,Armbar,Blue,2.0,580.0
SUB,Rear Naked Choke,Red,2.0,402.0
SUB,Rear Naked Choke,Blue,1.0,273.0
KO/TKO,Punch,Blue,1.0,42.0
SUB,Guillotine Choke,Red,2.0,388.0
SUB,Rear Naked Choke,Red,2.0,456.0
KO/TKO,Punch,Blue,1.0,70.0
KO/TKO,Punch,Blue,1.0,198.0
KO/TKO,Punches,Red,2.0,440.0
SUB,Arm Triangle,Red,1.0,149.0
SUB,Guillotine Choke,Red,2.0,594.0
SUB,Rear Naked Choke,Blue,2.0,367.0
SUB,Guillotine Choke,Red,2.0,549.0
KO/TKO,Punches,Blue,1.0,278.0
SUB,Rear Naked Choke,Red,1.0,299.0
KO/TKO,Punches,Blue,1.0,258.0
SUB,D'Arce Choke,Red,4.0,967.0
SUB,Guillotine Choke,Red,1.0,185.0
KO/TKO,Punch,Blue,1.0,50.0
SUB,Rear Naked Choke,Red,1.0,100.0
KO/TKO,Punches,Red,1.0,216.0
KO/TKO,Punch,Red,1.0,231.0
KO/TKO,Punches,Blue,1.0,203.0
SUB,Triangle Choke,Blue,1.0,114.0
KO/TKO,Punch,Red,2.0,484.0
SUB,Arm Triangle,Blue,1.0,113.0
KO/TKO,Punch,Red,1.0,51.0
SUB,Armbar,Red,1.0,65.0
KO/TKO,Elbows,Red,2.0,494.0
KO/TKO,Knee,Blue,2.0,473.0
KO/TKO,Knee,Blue,2.0,400.0
KO/TKO,Knee,Red,1.0,119.0
SUB,Armbar,Blue,1.0,258.0
SUB,Guillotine Choke,Blue,2.0,462.0
KO/TKO,Kick,Red,3.0,619.0
SUB,Rear Naked Choke,Red,1.0,167.0
SUB,Guillotine Choke,Red,1.0,243.0
SUB,Rear Naked Choke,Red,1.0,201.0
KO/TKO,Punch,Red,2.0,550.0
SUB,Rear Naked Choke,Red,1.0,273.0
KO/TKO,Punch,Red,1.0,296.0
KO/TKO,Punches,Red,1.0,66.0
SUB,Guillotine Choke,Red,3.0,792.0
S-DEC,,Red,5.0,1500.0
KO/TKO,Knees,Red,2.0,560.0
KO/TKO,,Blue,3.0,711.0
KO/TKO,Punch,Red,1.0,149.0
KO/TKO,Punch,Blue,2.0,554.0
SUB,Guillotine Choke,Red,1.0,167.0
SUB,Rear Naked Choke,Blue,1.0,132.0
KO/TKO,Punches,Blue,1.0,261.0
KO/TKO,Punch,Red,1.0,148.0
KO/TKO,Punches,Red,3.0,664.0
KO/TKO,Punch,Red,3.0,641.0
KO/TKO,Punch,Red,2.0,415.0
KO/TKO,Punch,Red,1.0,31.0
KO/TKO,,Blue,1.0,47.0
SUB,Triangle Choke,Blue,2.0,387.0
SUB,Rear Naked Choke,Blue,2.0,399.0
KO/TKO,Elbow,Blue,2.0,397.0
KO/TKO,Kick,Blue,2.0,592.0
KO/TKO,Punch,Red,2.0,325.0
SUB,Rear Naked Choke,Red,1.0,153.0
KO/TKO,Punch,Red,1.0,71.0
SUB,Rear Naked Choke,Red,3.0,699.0
SUB,Triangle Choke,Red,3.0,764.0
KO/TKO,Elbow,Red,1.0,226.0
SUB,North-South Choke,Blue,1.0,195.0
KO/TKO,Punch,Red,2.0,392.0
KO/TKO,Punches,Red,4.0,1149.0
KO/TKO,Punch,Red,2.0,380.0
SUB,Other - Lock,Red,2.0,556.0
SUB,Guillotine Choke,Red,1.0,283.0
KO/TKO,Kick,Red,1.0,76.0
KO/TKO,Punch,Blue,2.0,436.0
KO/TKO,Punch,Blue,2.0,589.0
KO/TKO,Punch,Blue,1.0,17.0
KO/TKO,Punches,Red,1.0,225.0
KO/TKO,Punches,Red,2.0,485.0
KO/TKO,Punch,Red,1.0,160.0
SUB,Armbar,Blue,2.0,374.0
SUB,Keylock,Red,4.0,954.0
S-DEC,,Blue,5.0,1500.0
KO/TKO,Punch,Red,1.0,45.0
SUB,Rear Naked Choke,Red,1.0,69.0
KO/TKO,Punch,Red,1.0,250.0
KO/TKO,Punch,Red,1.0,220.0
KO/TKO,,Red,1.0,148.0
SUB,Rear Naked Choke,Blue,1.0,214.0
KO/TKO,Punch,Blue,1.0,23.0
SUB,Armbar,Blue,1.0,228.0
KO/TKO,Punches,Red,2.0,530.0
KO/TKO,Punch,Blue,2.0,329.0
SUB,Rear Naked Choke,Red,1.0,158.0
KO/TKO,Punch,Red,2.0,575.0
SUB,Guillotine Choke,Blue,1.0,45.0
KO/TKO,Punch,Red,2.0,366.0
KO/TKO,Punch,Blue,1.0,207.0
KO/TKO,Knee,Red,1.0,280.0
SUB,Rear Naked Choke,Red,1.0,150.0
SUB,Anaconda Choke,Red,2.0,569.0
KO/TKO,Punch,Red,2.0,556.0
SUB,Rear Naked Choke,Red,3.0,790.0
KO/TKO,Punch,Blue,1.0,137.0
SUB,Rear Naked Choke,Red,1.0,144.0
SUB,Armbar,Red,1.0,164.0
KO/TKO,Punch,Red,1.0,46.0
DQ,,Red,1.0,86.0
KO/TKO,Kick,Red,2.0,477.0
KO/TKO,Knees,Blue,2.0,536.0
KO/TKO,Punches,Blue,2.0,451.0
KO/TKO,Punch,Red,1.0,115.0
KO/TKO,Punch,Blue,3.0,641.0
KO/TKO,Punches,Red,1.0,218.0
KO/TKO,Punch,Blue,1.0,275.0
SUB,D'Arce Choke,Red,1.0,255.0
KO/TKO,Punch,Red,2.0,360.0
KO/TKO,Knee,Red,1.0,115.0
SUB,Armbar,Red,3.0,851.0
KO/TKO,Punch,Red,2.0,326.0
KO/TKO,Punch,Blue,1.0,245.0
KO/TKO,Punch,Red,1.0,178.0
SUB,Triangle Choke,Red,2.0,364.0
KO/TKO,Slam,Blue,1.0,135.0
SUB,Guillotine Choke,Blue,3.0,671.0
KO/TKO,Punches,Red,1.0,230.0
KO/TKO,Punches,Blue,1.0,124.0
KO/TKO,Punches,Red,1.0,158.0
SUB,Arm Triangle,Red,2.0,410.0
SUB,Guillotine Choke,Red,2.0,361.0
KO/TKO,Elbows,Blue,1.0,115.0
KO/TKO,Kick,Red,2.0,387.0
SUB,Kneebar,Blue,2.0,459.0
KO/TKO,Kick,Red,1.0,155.0
KO/TKO,Elbows,Blue,2.0,452.0
KO/TKO,,Blue,2.0,528.0
SUB,Arm Triangle,Red,3.0,733.0
SUB,Guillotine Choke,Red,1.0,50.0
KO/TKO,Elbows,Red,1.0,291.0
KO/TKO,Punches,Blue,3.0,625.0
SUB,Rear Naked Choke,Blue,3.0,710.0
KO/TKO,Punches,Blue,2.0,560.0
SUB,Rear Naked Choke,Blue,3.0,865.0
KO/TKO,Punch,Red,1.0,36.0
SUB,Arm Triangle,Red,4.0,1137.0
KO/TKO,Knee,Red,2.0,582.0
KO/TKO,Punches,Blue,1.0,237.0
SUB,Kneebar,Red,1.0,177.0
SUB,Rear Naked Choke,Red,2.0,449.0
SUB,Armbar,Red,1.0,289.0
SUB,Rear Naked Choke,Red,1.0,274.0
KO/TKO,Knee,Blue,2.0,540.0
KO/TKO,Punch,Blue,3.0,704.0
KO/TKO,Punch,Red,2.0,548.0
KO/TKO,Punch,Blue,1.0,186.0
KO/TKO,Punches,Blue,1.0,282.0
KO/TKO,Punch,Red,1.0,180.0
KO/TKO,Punch,Red,1.0,185.0
KO/TKO,Kick,Red,2.0,326.0
SUB,Arm Triangle,Red,1.0,207.0
KO/TKO,Punches,Blue,1.0,67.0
KO/TKO,Punches,Red,1.0,19.0
SUB,Guillotine Choke,Blue,2.0,365.0
SUB,D'Arce Choke,Red,3.0,693.0
KO/TKO,Punches,Blue,2.0,525.0
SUB,Rear Naked Choke,Red,1.0,191.0
KO/TKO,Elbow,Blue,3.0,833.0
SUB,Rear Naked Choke,Red,1.0,263.0
KO/TKO,Punch,Red,1.0,202.0
KO/TKO,Knee,Red,2.0,437.0
SUB,Kimura,Blue,1.0,95.0
KO/TKO,Knees,Blue,3.0,775.0
KO/TKO,Elbows,Red,1.0,71.0
SUB,Rear Naked Choke,Red,4.0,1096.0
KO/TKO,Punch,Red,2.0,472.0
KO/TKO,Punch,Red,1.0,68.0
KO/TKO,Flying Knee,Blue,1.0,92.0
KO/TKO,Punch,Red,2.0,590.0
KO/TKO,Elbows,Red,2.0,360.0
KO/TKO,Kick,Blue,2.0,524.0
KO/TKO,Punch,Blue,2.0,362.0
KO/TKO,Punches,Red,1.0,262.0
SUB,Guillotine Choke,Red,3.0,884.0
M-DEC,,Blue,3.0,633.0
KO/TKO,Punches,Red,1.0,273.0
U-DEC,,Red,3.0,871.0
KO/TKO,Punch,Red,1.0,123.0
KO/TKO,,Red,1.0,152.0
KO/TKO,Punches,Red,1.0,246.0
SUB,Arm Triangle,Red,1.0,188.0
SUB,Guillotine Choke,Red,2.0,454.0
KO/TKO,Punch,Red,1.0,151.0
SUB,Arm Triangle,Red,1.0,217.0
KO/TKO,Punch,Red,2.0,367.0
KO/TKO,Punch,Red,3.0,613.0
KO/TKO,Kick,Red,1.0,152.0
KO/TKO,Punch,Blue,2.0,403.0
KO/TKO,Punch,Red,1.0,81.0
SUB,Guillotine Choke,Red,1.0,158.0
KO/TKO,Punches,Blue,1.0,127.0
KO/TKO,Kick,Red,3.0,858.0
SUB,Kneebar,Red,1.0,112.0
SUB,Rear Naked Choke,Red,2.0,469.0
SUB,Arm Triangle,Red,1.0,140.0
SUB,Armbar,Red,1.0,71.0
KO/TKO,Elbows,Blue,1.0,212.0
SUB,Armbar,Red,2.0,411.0
SUB,Triangle Choke,Red,1.0,84.0
KO/TKO,Punches,Blue,1.0,59.0
SUB,Guillotine Choke,Blue,3.0,887.0
KO/TKO,Punch,Blue,2.0,378.0
KO/TKO,Punches,Red,3.0,744.0
KO/TKO,Kicks,Red,2.0,404.0
KO/TKO,Punch,Red,1.0,17.0
KO/TKO,Knee,Red,2.0,475.0
SUB,Armbar,Red,5.0,1423.0
SUB,Rear Naked Choke,Blue,2.0,469.0
KO/TKO,Punches,Red,2.0,537.0
KO/TKO,Punch,Blue,2.0,467.0
SUB,D'Arce Choke,Blue,2.0,599.0
KO/TKO,Kick,Red,2.0,324.0
KO/TKO,Elbows,Red,1.0,128.0
SUB,Guillotine Choke,Red,1.0,47.0
KO/TKO,Punches,Red,2.0,363.0
KO/TKO,Punches,Red,4.0,1020.0
SUB,Triangle Choke,Red,1.0,193.0
KO/TKO,Punch,Blue,1.0,14.0
KO/TKO,Punch,Red,1.0,96.0
KO/TKO,Kick,Blue,1.0,248.0
SUB,Triangle Choke,Blue,2.0,523.0
KO/TKO,Knee,Red,1.0,29.0
SUB,Guillotine Choke,Blue,1.0,287.0
SUB,Guillotine Choke,Blue,1.0,58.0
KO/TKO,Punch,Red,4.0,954.0
KO/TKO,Punch,Red,3.0,692.0
SUB,Guillotine Choke,Blue,1.0,101.0
KO/TKO,Punch,Blue,1.0,83.0
SUB,Rear Naked Choke,Red,1.0,146.0
KO/TKO,Punches,Red,3.0,714.0
SUB,Armbar,Blue,1.0,281.0
KO/TKO,Punch,Red,3.0,630.0
KO/TKO,Knee,Blue,1.0,116.0
SUB,Guillotine Choke,Blue,1.0,57.0
KO/TKO,Knee,Blue,1.0,238.0
KO/TKO,Punches,Red,3.0,694.0
SUB,Kimura,Blue,2.0,530.0
KO/TKO,Punch,Red,1.0,175.0
KO/TKO,Knee,Red,1.0,187.0
KO/TKO,Punch,Blue,3.0,808.0
KO/TKO,Punch,Blue,1.0,167.0
SUB,D'Arce Choke,Red,1.0,246.0
KO/TKO,Punch,Blue,2.0,387.0
SUB,Guillotine Choke,Red,1.0,245.0
KO/TKO,Punch,Blue,3.0,798.0
KO/TKO,Spinning Back Kick,Red,2.0,335.0
KO/TKO,Punch,Red,1.0,234.0
KO/TKO,Punch,Blue,2.0,481.0
KO/TKO,Punches,Blue,2.0,571.0
SUB,Heel Hook,Red,1.0,31.0
KO/TKO,Punch,Red,5.0,1389.0
KO/TKO,Punches,Blue,2.0,531.0
KO/TKO,Punch,Red,1.0,93.0
KO/TKO,Punch,Blue,2.0,353.0
KO/TKO,Punch,Red,1.0,253.0
KO/TKO,Punch,Blue,1.0,108.0
KO/TKO,Punch,Blue,1.0,180.0
SUB,D'Arce Choke,Red,1.0,112.0
KO/TKO,,Red,2.0,581.0
SUB,Rear Naked Choke,Red,2.0,432.0
KO/TKO,Kick,Red,1.0,190.0
KO/TKO,Punch,Blue,1.0,171.0
KO/TKO,Elbows,Red,1.0,236.0
KO/TKO,Kick,Red,1.0,230.0
SUB,Rear Naked Choke,Blue,2.0,401.0
SUB,Rear Naked Choke,Red,1.0,48.0
KO/TKO,Punch,Blue,2.0,440.0
KO/TKO,Punch,Blue,3.0,699.0
KO/TKO,Punch,Red,1.0,280.0
SUB,Armbar,Red,2.0,469.0
KO/TKO,Punches,Blue,1.0,102.0
KO/TKO,Punches,Blue,3.0,799.0
KO/TKO,Knee,Blue,1.0,130.0
KO/TKO,Kick,Blue,1.0,40.0
KO/TKO,,Blue,1.0,211.0
KO/TKO,Kick,Red,1.0,77.0
KO/TKO,Punch,Blue,2.0,382.0
SUB,Triangle Choke,Red,2.0,529.0
KO/TKO,Punch,Blue,1.0,278.0
KO/TKO,Punches,Red,1.0,245.0
DQ,,Red,1.0,25.0
SUB,Rear Naked Choke,Red,2.0,430.0
KO/TKO,Punches,Blue,1.0,158.0
KO/TKO,Punch,Blue,1.0,43.0
KO/TKO,Punch,Red,1.0,63.0
KO/TKO,Punches,Blue,1.0,129.0
KO/TKO,Punches,Blue,1.0,283.0
KO/TKO,Punches,Red,2.0,395.0
KO/TKO,Punch,Red,1.0,128.0
SUB,Guillotine Choke,Red,2.0,502.0
KO/TKO,,Blue,1.0,300.0
KO/TKO,,Red,2.0,376.0
KO/TKO,Punches,Red,1.0,294.0
KO/TKO,Punch,Blue,2.0,392.0
SUB,Armbar,Red,1.0,222.0
KO/TKO,Elbows,Blue,1.0,60.0
KO/TKO,Punches,Red,3.0,612.0
SUB,Armbar,Red,3.0,658.0
SUB,Armbar,Red,1.0,133.0
DQ,,Red,1.0,177.0
SUB,Arm Triangle,Red,3.0,833.0
SUB,Triangle Choke,Blue,2.0,599.0
KO/TKO,Punch,Red,2.0,447.0
SUB,Rear Naked Choke,Red,2.0,350.0
SUB,Rear Naked Choke,Blue,1.0,105.0
SUB,Rear Naked Choke,Red,2.0,414.0
KO/TKO,Elbows,Red,3.0,803.0
SUB,Rear Naked Choke,Red,3.0,879.0
KO/TKO,Kick,Red,2.0,596.0
KO/TKO,Kick,Red,1.0,280.0
KO/TKO,Punches,Red,2.0,556.0
KO/TKO,Kick,Blue,1.0,25.0
KO/TKO,Punch,Blue,2.0,452.0
KO/TKO,Punch,Red,1.0,222.0
SUB,Triangle Choke,Red,3.0,760.0
KO/TKO,Punches,Red,1.0,52.0
KO/TKO,Punch,Red,1.0,79.0
KO/TKO,Elbows,Red,3.0,843.0
KO/TKO,Punches,Blue,1.0,84.0
KO/TKO,Punches,Blue,1.0,223.0
KO/TKO,Knee,Red,1.0,66.0
KO/TKO,Elbow,Red,3.0,662.0
KO/TKO,Punch,Red,1.0,299.0
KO/TKO,Knee,Red,2.0,378.0
SUB,Guillotine Choke,Blue,1.0,182.0
SUB,Guillotine Choke,Red,1.0,276.0
KO/TKO,Kick,Red,1.0,264.0
KO/TKO,,Blue,2.0,420.0
KO/TKO,Knee,Red,3.0,777.0
SUB,Other - Choke,Red,1.0,89.0
KO/TKO,Punch,Blue,1.0,39.0
KO/TKO,Flying Knee,Red,1.0,159.0
SUB,Rear Naked Choke,Red,1.0,187.0
KO/TKO,Punch,Blue,3.0,691.0
KO/TKO,Kick,Blue,1.0,53.0
KO/TKO,Punches,Red,1.0,260.0
KO/TKO,Punch,Red,2.0,342.0
KO/TKO,Punch,Red,1.0,267.0
KO/TKO,Punch,Blue,1.0,30.0
KO/TKO,Elbows,Blue,2.0,581.0
KO/TKO,Punch,Red,1.0,44.0
KO/TKO,Punches,Red,1.0,263.0
SUB,Rear Naked Choke,Red,1.0,195.0
KO/TKO,Punch,Blue,1.0,88.0
KO/TKO,Flying Knee,Red,2.0,411.0
KO/TKO,Punch,Red,2.0,321.0
SUB,Guillotine Choke,Red,1.0,198.0
SUB,Guillotine Choke,Red,1.0,248.0
SUB,Kimura,Red,1.0,128.0
SUB,Guillotine Choke,Red,3.0,819.0
KO/TKO,Punch,Blue,1.0,236.0
KO/TKO,Punch,Blue,1.0,277.0
KO/TKO,Kick,Blue,1.0,201.0
KO/TKO,Punch,Red,1.0,161.0
KO/TKO,Punches,Red,3.0,731.0
KO/TKO,Punch,Red,1.0,140.0
SUB,D'Arce Choke,Blue,2.0,357.0
SUB,Rear Naked Choke,Red,3.0,833.0
KO/TKO,Punches,Blue,5.0,1346.0
KO/TKO,Knee,Red,3.0,786.0
KO/TKO,Punch,Red,1.0,246.0
SUB,Rear Naked Choke,Red,3.0,861.0
SUB,Guillotine Choke,Red,2.0,599.0
SUB,Guillotine Choke,Blue,3.0,625.0
SUB,Rear Naked Choke,Blue,1.0,237.0
SUB,Rear Naked Choke,Red,2.0,366.0
KO/TKO,Punch,Red,1.0,35.0
SUB,Rear Naked Choke,Blue,1.0,255.0
KO/TKO,Punch,Blue,1.0,25.0
SUB,Rear Naked Choke,Red,4.0,976.0
SUB,Rear Naked Choke,Blue,2.0,412.0
KO/TKO,Kick,Red,3.0,767.0
KO/TKO,Punches,Red,2.0,448.0
KO/TKO,Punch,Red,2.0,516.0
SUB,Rear Naked Choke,Blue,3.0,751.0
SUB,Rear Naked Choke,Blue,1.0,172.0
KO/TKO,Punches,Red,1.0,297.0
KO/TKO,Punch,Blue,3.0,721.0
KO/TKO,,Red,2.0,430.0
SUB,Neck Crank,Red,1.0,138.0
SUB,Rear Naked Choke,Blue,1.0,38.0
KO/TKO,Elbows,Red,1.0,214.0
SUB,Anaconda Choke,Blue,2.0,572.0
SUB,Triangle Choke,Red,3.0,796.0
SUB,Armbar,Blue,1.0,274.0
KO/TKO,Punch,Blue,1.0,38.0
KO/TKO,Punch,Red,2.0,452.0
SUB,Rear Naked Choke,Red,1.0,137.0
KO/TKO,Punch,Blue,1.0,139.0
KO/TKO,Punches,Red,1.0,16.0
SUB,Rear Naked Choke,Red,3.0,669.0
KO/TKO,Punches,Red,1.0,61.0
KO/TKO,Punches,Red,1.0,210.0
KO/TKO,Punches,Blue,1.0,71.0
KO/TKO,Punches,Red,3.0,856.0
SUB,Armbar,Blue,3.0,829.0
KO/TKO,Kick,Red,2.0,511.0
KO/TKO,Kick,Red,1.0,186.0
KO/TKO,Punches,Blue,3.0,830.0
KO/TKO,Punch,Blue,1.0,144.0
KO/TKO,Punch,Red,3.0,891.0
KO/TKO,Punch,Blue,2.0,507.0
KO/TKO,Punch,Red,3.0,728.0
SUB,Arm Triangle,Red,2.0,432.0
SUB,Rear Naked Choke,Red,2.0,513.0
KO/TKO,Punches,Blue,1.0,297.0
KO/TKO,Punch,Red,1.0,245.0
SUB,Rear Naked Choke,Red,2.0,588.0
KO/TKO,Punch,Red,1.0,127.0
KO/TKO,Punches,Red,2.0,521.0
SUB,Rear Naked Choke,Blue,2.0,477.0
KO/TKO,Punch,Blue,2.0,395.0
KO/TKO,Punch,Blue,1.0,263.0
KO/TKO,Punches,Red,3.0,723.0
KO/TKO,Punch,Red,2.0,498.0
KO/TKO,Punch,Red,1.0,257.0
SUB,Omoplata,Red,1.0,138.0
SUB,Arm Triangle,Red,2.0,518.0
KO/TKO,Punch,Blue,1.0,151.0
SUB,Rear Naked Choke,Red,1.0,155.0
KO/TKO,Punch,Blue,2.0,320.0
KO/TKO,Punches,Red,3.0,827.0
KO/TKO,Knee,Red,4.0,957.0
KO/TKO,Punch,Blue,1.0,72.0
KO/TKO,Punch,Red,1.0,61.0
KO/TKO,Punches,Red,2.0,416.0
SUB,Guillotine Choke,Red,1.0,72.0
KO/TKO,Punch,Blue,2.0,413.0
KO/TKO,Punches,Blue,2.0,557.0
KO/TKO,Kick,Red,5.0,1340.0
SUB,Other - Choke,Red,2.0,414.0
KO/TKO,Elbows,Red,3.0,746.0
SUB,Guillotine Choke,Red,3.0,870.0
KO/TKO,,Red,2.0,434.0
SUB,Guillotine Choke,Red,2.0,347.0
KO/TKO,Punches,Red,1.0,41.0
KO/TKO,Punch,Blue,1.0,179.0
SUB,Armbar,Red,1.0,269.0
KO/TKO,Punch,Blue,2.0,451.0
SUB,Guillotine Choke,Red,1.0,273.0
SUB,Kimura,Red,2.0,424.0
KO/TKO,Elbows,Red,1.0,78.0
SUB,Rear Naked Choke,Red,2.0,398.0
SUB,Guillotine Choke,Blue,2.0,454.0
KO/TKO,Punch,Red,2.0,480.0
KO/TKO,Punch,Red,1.0,92.0
KO/TKO,Punches,Red,3.0,681.0
SUB,Kimura,Red,2.0,449.0
KO/TKO,Punch,Blue,1.0,106.0
SUB,Guillotine Choke,Red,2.0,596.0
KO/TKO,Punch,Blue,3.0,658.0
KO/TKO,Punch,Blue,1.0,191.0
KO/TKO,Kick,Red,1.0,63.0
KO/TKO,Kick,Blue,1.0,118.0
SUB,Rear Naked Choke,Red,1.0,126.0
KO/TKO,Punch,Blue,1.0,79.0
SUB,Other - Choke,Red,2.0,502.0
KO/TKO,Punch,Red,3.0,688.0
KO/TKO,Punches,Red,1.0,261.0
KO/TKO,Punches,Red,2.0,546.0
SUB,Kimura,Blue,1.0,256.0
SUB,Armbar,Red,1.0,297.0
SUB,Arm Triangle,Blue,1.0,208.0
SUB,Rear Naked Choke,Red,2.0,486.0
SUB,Rear Naked Choke,Red,1.0,226.0
KO/TKO,Punches,Blue,1.0,136.0
SUB,Rear Naked Choke,Red,2.0,412.0
KO/TKO,Kick,Blue,1.0,178.0
SUB,Guillotine Choke,Red,2.0,357.0
SUB,Kimura,Blue,1.0,267.0
KO/TKO,Kick,Blue,3.0,618.0
KO/TKO,Knee,Red,2.0,463.0
KO/TKO,Punch,Blue,2.0,399.0
KO/TKO,Punches,Red,2.0,589.0
KO/TKO,Knee,Blue,1.0,186.0
SUB,Rear Naked Choke,Red,1.0,255.0
KO/TKO,Punch,Blue,1.0,34.0
SUB,Rear Naked Choke,Blue,3.0,806.0
KO/TKO,Knees,Red,1.0,290.0
SUB,Guillotine Choke,Blue,1.0,218.0
KO/TKO,Flying Knee,Red,2.0,447.0
SUB,Rear Naked Choke,Red,2.0,404.0
SUB,Rear Naked Choke,Blue,1.0,286.0
KO/TKO,,Red,2.0,390.0
SUB,Neck Crank,Red,5.0,1496.0
KO/TKO,Punch,Blue,1.0,201.0
KO/TKO,Punches,Red,3.0,774.0
SUB,Armbar,Blue,1.0,112.0
KO/TKO,Kick,Blue,2.0,488.0
SUB,Other - Choke,Red,1.0,299.0
KO/TKO,Punch,Red,1.0,33.0
SUB,Rear Naked Choke,Red,2.0,559.0
KO/TKO,Punches,Red,1.0,290.0
SUB,Other - Choke,Red,2.0,394.0
SUB,Armbar,Red,1.0,293.0
SUB,Rear Naked Choke,Red,3.0,686.0
SUB,Armbar,Red,2.0,485.0
SUB,Guillotine Choke,Blue,1.0,277.0
SUB,Heel Hook,Blue,1.0,64.0
KO/TKO,Punch,Blue,1.0,119.0
SUB,Rear Naked Choke,Blue,1.0,112.0
KO/TKO,Punches,Blue,3.0,804.0
SUB,Injury,Blue,1.0,57.0
SUB,Rear Naked Choke,Red,3.0,846.0
KO/TKO,,Red,2.0,361.0
KO/TKO,Punches,Blue,3.0,897.0
SUB,Arm Triangle,Red,1.0,75.0
KO/TKO,Kick,Red,1.0,62.0
KO/TKO,Punches,Red,1.0,119.0
SUB,Rear Naked Choke,Blue,2.0,510.0
KO/TKO,Kick,Red,1.0,299.0
KO/TKO,Spinning Back Fist,Blue,2.0,429.0
KO/TKO,Punches,Blue,3.0,890.0
KO/TKO,Punch,Red,1.0,177.0
SUB,D'Arce Choke,Red,3.0,883.0
KO/TKO,Punch,Red,2.0,414.0
KO/TKO,Punches,Blue,3.0,731.0
KO/TKO,,Red,1.0,217.0
KO/TKO,Punch,Blue,1.0,206.0
KO/TKO,Punches,Blue,1.0,135.0
KO/TKO,Punches,Blue,1.0,8.0
KO/TKO,Punches,Red,2.0,338.0
SUB,Guillotine Choke,Red,1.0,84.0
KO/TKO,Punch,Blue,1.0,36.0
KO/TKO,Kick,Blue,2.0,339.0
SUB,Arm Triangle,Red,2.0,525.0
KO/TKO,Punches,Red,1.0,116.0
SUB,Rear Naked Choke,Red,4.0,1138.0
KO/TKO,Punches,Red,2.0,599.0
SUB,Rear Naked Choke,Red,3.0,682.0
SUB,Kimura,Red,3.0,776.0
KO/TKO,Punch,Blue,1.0,100.0
KO/TKO,Punches,Blue,1.0,214.0
KO/TKO,Elbow,Red,1.0,139.0
KO/TKO,Punches,Red,2.0,498.0
SUB,North-South Choke,Red,2.0,560.0
SUB,Rear Naked Choke,Blue,1.0,100.0
SUB,Armbar,Red,1.0,14.0
SUB,Rear Naked Choke,Red,1.0,157.0
SUB,Rear Naked Choke,Blue,2.0,458.0
KO/TKO,Punches,Red,2.0,547.0
KO/TKO,Punch,Blue,1.0,107.0
KO/TKO,Punches,Red,3.0,792.0
KO/TKO,Punch,Blue,2.0,422.0
KO/TKO,Punch,Red,2.0,393.0
KO/TKO,Punch,Blue,2.0,394.0
KO/TKO,Kick,Red,1.0,116.0
KO/TKO,Punch,Blue,3.0,694.0
SUB,Guillotine Choke,Red,1.0,261.0
SUB,Armbar,Red,3.0,854.0
SUB,Triangle Choke,Red,1.0,194.0
SUB,Rear Naked Choke,Blue,1.0,192.0
KO/TKO,Punches,Red,1.0,165.0
KO/TKO,Punch,Red,1.0,225.0
KO/TKO,Elbows,Red,1.0,239.0
SUB,Armbar,Blue,1.0,90.0
KO/TKO,Punches,Blue,2.0,395.0
KO/TKO,Punch,Blue,1.0,8.0
KO/TKO,Punch,Blue,3.0,858.0
SUB,Guillotine Choke,Blue,3.0,838.0
SUB,Arm Triangle,Blue,3.0,821.0
SUB,Armbar,Red,1.0,153.0
SUB,Rear Naked Choke,Blue,2.0,451.0
KO/TKO,Punch,Red,1.0,294.0
SUB,Arm Triangle,Blue,3.0,731.0
SUB,Armbar,Red,2.0,487.0
SUB,Armbar,Red,5.0,1499.0
KO/TKO,Punch,Red,1.0,293.0
SUB,Rear Naked Choke,Red,3.0,695.0
SUB,Armbar,Red,3.0,795.0
KO/TKO,Punch,Blue,1.0,299.0
KO/TKO,Punches,Blue,1.0,56.0
SUB,Rear Naked Choke,Red,1.0,249.0
KO/TKO,Punch,Blue,1.0,44.0
KO/TKO,Punch,Blue,1.0,49.0
KO/TKO,Kick,Blue,2.0,553.0
SUB,Guillotine Choke,Blue,1.0,293.0
KO/TKO,Punches,Red,5.0,1367.0
KO/TKO,Punches,Blue,2.0,384.0
SUB,Rear Naked Choke,Blue,1.0,236.0
SUB,Rear Naked Choke,Blue,3.0,759.0
KO/TKO,Punches,Red,1.0,173.0
KO/TKO,Kick,Red,2.0,584.0
SUB,Rear Naked Choke,Red,2.0,458.0
KO/TKO,Punches,Blue,1.0,281.0
SUB,Rear Naked Choke,Blue,1.0,171.0
KO/TKO,Punches,Blue,2.0,330.0
KO/TKO,Punches,Blue,1.0,298.0
SUB,Guillotine Choke,Blue,3.0,670.0
SUB,Guillotine Choke,Red,1.0,114.0
SUB,Guillotine Choke,Red,3.0,898.0
KO/TKO,Punch,Blue,1.0,97.0
SUB,Rear Naked Choke,Red,1.0,154.0
KO/TKO,Kick,Red,2.0,348.0
KO/TKO,Punch,Blue,3.0,850.0
KO/TKO,Punch,Blue,1.0,28.0
SUB,Guillotine Choke,Blue,1.0,23.0
SUB,Guillotine Choke,Blue,3.0,733.0
SUB,Guillotine Choke,Red,1.0,54.0
SUB,Guillotine Choke,Blue,3.0,701.0
KO/TKO,Punches,Red,3.0,862.0
KO/TKO,Kick,Red,2.0,390.0
SUB,Rear Naked Choke,Red,1.0,101.0
SUB,Rear Naked Choke,Red,1.0,177.0
KO/TKO,,Blue,2.0,504.0
KO/TKO,Punch,Red,1.0,172.0
SUB,Rear Naked Choke,Red,3.0,877.0
KO/TKO,Elbows,Blue,3.0,698.0
KO/TKO,Punches,Blue,2.0,487.0
KO/TKO,Punch,Blue,1.0,163.0
KO/TKO,Kick,Red,1.0,29.0
KO/TKO,Flying Knee,Blue,2.0,329.0
KO/TKO,Punch,Blue,2.0,597.0
KO/TKO,Flying Knee,Blue,3.0,632.0
SUB,Rear Naked Choke,Red,1.0,174.0
SUB,Guillotine Choke,Red,1.0,284.0
KO/TKO,Punch,Red,5.0,1260.0
SUB,Rear Naked Choke,Blue,3.0,758.0
KO/TKO,Punches,Blue,1.0,96.0
KO/TKO,Kick,Blue,1.0,269.0
KO/TKO,Elbow,Red,1.0,262.0
SUB,Rear Naked Choke,Red,1.0,172.0
SUB,Arm Triangle,Red,2.0,379.0
KO/TKO,Punch,Red,1.0,16.0
KO/TKO,Punch,Blue,2.0,517.0
KO/TKO,Punch,Red,1.0,73.0
SUB,Rear Naked Choke,Red,1.0,176.0
KO/TKO,Punch,Red,1.0,56.0
SUB,Triangle Choke,Red,1.0,185.0
KO/TKO,Punches,Blue,1.0,89.0
KO/TKO,Punches,Red,1.0,150.0
SUB,Rear Naked Choke,Blue,1.0,87.0
KO/TKO,Punch,Blue,2.0,327.0
KO/TKO,Punches,Red,1.0,157.0
KO/TKO,Punches,Red,4.0,935.0
KO/TKO,Punches,Red,1.0,43.0
KO/TKO,Punches,Red,2.0,341.0
SUB,Rear Naked Choke,Red,2.0,472.0
KO/TKO,Punch,Red,1.0,34.0
KO/TKO,Elbows,Red,2.0,458.0
SUB,Guillotine Choke,Red,2.0,551.0
SUB,Rear Naked Choke,Blue,3.0,760.0
KO/TKO,Punches,Red,1.0,139.0
KO/TKO,Punches,Red,3.0,778.0
SUB,Armbar,Red,2.0,435.0
SUB,Rear Naked Choke,Blue,1.0,173.0
KO/TKO,Punches,Red,1.0,152.0
KO/TKO,Punches,Blue,1.0,163.0
KO/TKO,,Red,1.0,99.0
KO/TKO,Punches,Red,1.0,285.0
KO/TKO,Punches,Blue,1.0,54.0
SUB,Armbar,Blue,1.0,261.0
KO/TKO,Punch,Red,2.0,328.0
SUB,Guillotine Choke,Blue,1.0,128.0
SUB,Rear Naked Choke,Blue,2.0,598.0
DQ,,Red,2.0,448.0
SUB,Armbar,Red,3.0,661.0
KO/TKO,Spinning Back Kick,Blue,2.0,325.0
KO/TKO,,Red,3.0,647.0
KO/TKO,Punch,Red,1.0,106.0
KO/TKO,Punches,Blue,1.0,175.0
KO/TKO,Punches,Red,3.0,675.0
KO/TKO,Punches,Blue,1.0,57.0
KO/TKO,Punches,Blue,3.0,898.0
KO/TKO,Punches,Blue,1.0,277.0
SUB,Guillotine Choke,Red,2.0,552.0
SUB,Rear Naked Choke,Blue,2.0,549.0
KO/TKO,Punch,Red,3.0,651.0
SUB,Guillotine Choke,Blue,1.0,39.0
DQ,Rear Naked Choke,Blue,1.0,105.0
KO/TKO,Punches,Red,2.0,372.0
KO/TKO,Punches,Red,1.0,264.0
KO/TKO,Kick,Red,1.0,127.0
KO/TKO,Punch,Blue,1.0,176.0
KO/TKO,Spinning Back Kick,Red,1.0,276.0
KO/TKO,Kick,Red,1.0,121.0
KO/TKO,Punch,Red,1.0,221.0
KO/TKO,Kick,Blue,2.0,359.0
KO/TKO,,Red,2.0,566.0
KO/TKO,Punches,Blue,1.0,193.0
KO/TKO,Slam,Red,3.0,627.0
KO/TKO,Punches,Red,1.0,191.0
KO/TKO,Punches,Red,2.0,410.0
SUB,Guillotine Choke,Red,2.0,558.0
SUB,Triangle Choke,Red,1.0,166.0
KO/TKO,Punches,Blue,3.0,738.0
SUB,Rear Naked Choke,Red,5.0,1345.0
SUB,Guillotine Choke,Red,2.0,341.0
KO/TKO,Punch,Red,1.0,265.0
SUB,D'Arce Choke,Blue,2.0,474.0
KO/TKO,Punch,Blue,2.0,568.0
KO/TKO,Punches,Blue,4.0,1092.0
KO/TKO,Knee,Blue,1.0,114.0
KO/TKO,Punch,Blue,1.0,13.0
KO/TKO,Punches,Red,1.0,206.0
SUB,Guillotine Choke,Red,1.0,86.0
KO/TKO,Punch,Blue,2.0,328.0
KO/TKO,Punch,Red,2.0,473.0
SUB,Anaconda Choke,Blue,1.0,133.0
SUB,Triangle Choke,Blue,3.0,850.0
KO/TKO,Punches,Blue,2.0,583.0
SUB,Triangle Choke,Blue,3.0,697.0
SUB,Rear Naked Choke,Red,2.0,429.0
KO/TKO,Punches,Red,1.0,192.0
KO/TKO,Punch,Red,1.0,54.0
SUB,Rear Naked Choke,Red,1.0,270.0
KO/TKO,Punch,Red,1.0,30.0
SUB,Rear Naked Choke,Blue,1.0,218.0
KO/TKO,Punches,Red,2.0,374.0
SUB,Rear Naked Choke,Red,3.0,836.0
KO/TKO,Punches,Red,2.0,553.0
KO/TKO,Knee,Blue,2.0,399.0
KO/TKO,Punches,Red,3.0,849.0
KO/TKO,Punches,Red,1.0,86.0
KO/TKO,Punches,Blue,1.0,239.0
SUB,Guillotine Choke,Blue,2.0,528.0
KO/TKO,Punches,Red,3.0,817.0
SUB,Rear Naked Choke,Red,3.0,782.0
SUB,Arm Triangle,Blue,2.0,486.0
KO/TKO,Punch,Red,1.0,137.0
KO/TKO,Punch,Blue,1.0,211.0
SUB,Rear Naked Choke,Red,1.0,45.0
KO/TKO,Elbow,Red,3.0,865.0
SUB,Neck Crank,Red,2.0,388.0
KO/TKO,Flying Knee,Blue,2.0,323.0
KO/TKO,Punches,Blue,3.0,865.0
KO/TKO,Knees,Red,1.0,26.0
KO/TKO,Punches,Red,1.0,258.0
KO/TKO,Kick,Blue,1.0,60.0
KO/TKO,Punches,Red,3.0,895.0
M-DEC,,Red,3.0,691.0
KO/TKO,Punch,Red,2.0,386.0
KO/TKO,Punch,Red,1.0,285.0
SUB,Rear Naked Choke,Red,1.0,24.0
SUB,Arm Triangle,Blue,3.0,851.0
SUB,Rear Naked Choke,Blue,2.0,552.0
SUB,Rear Naked Choke,Blue,5.0,1410.0
KO/TKO,Punches,Red,1.0,271.0
KO/TKO,Punch,Blue,2.0,334.0
KO/TKO,Kick,Red,2.0,369.0
KO/TKO,Elbow,Blue,1.0,135.0
KO/TKO,Punches,Red,3.0,696.0
KO/TKO,Punches,Blue,3.0,646.0
SUB,Rear Naked Choke,Red,3.0,885.0
KO/TKO,Punch,Blue,1.0,52.0
KO/TKO,Punch,Red,1.0,181.0
KO/TKO,Punches,Red,1.0,288.0
SUB,Rear Naked Choke,Blue,1.0,136.0
KO/TKO,Punches,Blue,1.0,244.0
KO/TKO,Punch,Red,1.0,164.0
KO/TKO,Punch,Red,1.0,224.0
SUB,Rear Naked Choke,Blue,2.0,380.0
KO/TKO,Punch,Blue,1.0,255.0
KO/TKO,Knee,Red,3.0,783.0
KO/TKO,Punch,Red,1.0,108.0
KO/TKO,Punches,Red,1.0,37.0
KO/TKO,Punches,Red,2.0,518.0
KO/TKO,Knees,Red,1.0,169.0
SUB,Arm Triangle,Red,1.0,275.0
KO/TKO,Kick,Red,2.0,435.0
SUB,Rear Naked Choke,Blue,2.0,495.0
KO/TKO,Punch,Red,2.0,372.0
KO/TKO,Punch,Blue,1.0,16.0
KO/TKO,Knee,Red,1.0,226.0
KO/TKO,Kick,Red,2.0,347.0
SUB,Rear Naked Choke,Red,2.0,491.0
KO/TKO,Punch,Blue,3.0,716.0
SUB,Rear Naked Choke,Red,3.0,871.0
KO/TKO,Punches,Red,1.0,278.0
KO/TKO,Punch,Red,1.0,219.0
KO/TKO,Punches,Blue,2.0,541.0
SUB,Rear Naked Choke,Red,2.0,482.0
KO/TKO,Spinning Back Kick,Red,2.0,366.0
KO/TKO,Punches,Blue,1.0,173.0
KO/TKO,Punch,Red,1.0,256.0
KO/TKO,Knee,Red,3.0,880.0
KO/TKO,Elbow,Red,2.0,387.0
KO/TKO,Punch,Red,1.0,173.0
KO/TKO,Punches,Blue,2.0,476.0
KO/TKO,Punches,Blue,2.0,551.0
KO/TKO,Punch,Blue,1.0,216.0
SUB,Rear Naked Choke,Blue,3.0,819.0
SUB,Rear Naked Choke,Red,3.0,654.0
KO/TKO,Punches,Red,3.0,755.0
SUB,Arm Triangle,Red,3.0,682.0
SUB,Rear Naked Choke,Red,3.0,748.0
KO/TKO,Kick,Blue,3.0,764.0
SUB,Armbar,Red,2.0,399.0
SUB,Rear Naked Choke,Red,1.0,25.0
SUB,Rear Naked Choke,Red,2.0,484.0
KO/TKO,Flying Knee,Blue,2.0,377.0
KO/TKO,Punches,Blue,1.0,229.0
KO/TKO,Punches,Blue,1.0,246.0
SUB,D'Arce Choke,Red,1.0,223.0
KO/TKO,Punches,Blue,1.0,86.0
KO/TKO,Punch,Red,1.0,272.0
KO/TKO,Punches,Red,1.0,138.0
SUB,Rear Naked Choke,Blue,1.0,196.0
KO/TKO,Elbows,Red,1.0,156.0
KO/TKO,Punch,Blue,1.0,297.0
SUB,Guillotine Choke,Blue,1.0,163.0
SUB,Rear Naked Choke,Blue,2.0,599.0
KO/TKO,Elbows,Red,2.0,581.0
SUB,Arm Triangle,Red,3.0,859.0
KO/TKO,Punches,Red,2.0,529.0
SUB,D'Arce Choke,Red,2.0,442.0
SUB,Rear Naked Choke,Red,1.0,119.0
KO/TKO,Punches,Red,1.0,94.0
KO/TKO,Punches,Blue,3.0,714.0
SUB,Rear Naked Choke,Red,2.0,538.0
KO/TKO,Punches,Red,1.0,14.0
KO/TKO,Punches,Blue,1.0,147.0
KO/TKO,Kick,Blue,1.0,106.0
KO/TKO,Kick,Red,2.0,340.0
KO/TKO,Punch,Blue,1.0,132.0
SUB,Rear Naked Choke,Red,1.0,109.0
KO/TKO,Punches,Red,2.0,385.0
SUB,Rear Naked Choke,Red,3.0,778.0
KO/TKO,Kick,Blue,2.0,353.0
SUB,Guillotine Choke,Blue,1.0,270.0
KO/TKO,Punch,Red,1.0,13.0
KO/TKO,Punches,Red,3.0,738.0
KO/TKO,Punch,Blue,1.0,218.0
M-DEC,,Blue,5.0,1500.0
KO/TKO,Elbows,Blue,1.0,248.0
KO/TKO,Kick,Blue,2.0,422.0
KO/TKO,Punches,Red,2.0,476.0
SUB,Guillotine Choke,Red,3.0,709.0
SUB,Rear Naked Choke,Red,1.0,112.0
KO/TKO,Kick,Red,2.0,317.0
KO/TKO,Punches,Red,2.0,596.0
KO/TKO,Punch,Blue,1.0,73.0
SUB,Rear Naked Choke,Blue,3.0,773.0
KO/TKO,Elbows,Red,3.0,766.0
KO/TKO,Knee,Red,2.0,426.0
SUB,Rear Naked Choke,Blue,1.0,134.0
KO/TKO,Punch,Red,1.0,105.0
SUB,Guillotine Choke,Red,1.0,278.0
SUB,Rear Naked Choke,Red,2.0,349.0
KO/TKO,Punches,Blue,3.0,859.0
SUB,D'Arce Choke,Red,1.0,19.0
KO/TKO,Punches,Blue,1.0,95.0
SUB,Guillotine Choke,Blue,3.0,618.0
SUB,Guillotine Choke,Red,2.0,380.0
KO/TKO,Punches,Blue,1.0,101.0
SUB,Rear Naked Choke,Red,3.0,837.0
KO/TKO,,Red,3.0,745.0
SUB,Rear Naked Choke,Red,1.0,183.0
KO/TKO,Punch,Red,1.0,60.0
KO/TKO,Elbows,Blue,2.0,422.0
SUB,Armbar,Red,2.0,583.0
SUB,Guillotine Choke,Blue,1.0,143.0
KO/TKO,Punches,Blue,3.0,810.0
SUB,Triangle Choke,Blue,1.0,119.0
KO/TKO,Knee,Blue,3.0,880.0
SUB,Armbar,Blue,3.0,776.0
SUB,Rear Naked Choke,Red,3.0,781.0
KO/TKO,Punches,Blue,2.0,580.0
SUB,Rear Naked Choke,Red,1.0,262.0
KO/TKO,Punch,Blue,2.0,458.0
SUB,D'Arce Choke,Red,2.0,401.0
KO/TKO,Punches,Blue,2.0,463.0
KO/TKO,Spinning Back Fist,Blue,3.0,753.0
SUB,Heel Hook,Blue,1.0,97.0
SUB,Guillotine Choke,Red,2.0,433.0
KO/TKO,Flying Knee,Blue,3.0,624.0
KO/TKO,Punches,Blue,2.0,484.0
SUB,Kimura,Red,3.0,751.0
KO/TKO,Punches,Blue,1.0,202.0
KO/TKO,Punches,Red,1.0,79.0
SUB,Arm Triangle,Red,2.0,431.0
KO/TKO,Punch,Blue,1.0,53.0
KO/TKO,Punches,Red,1.0,277.0
KO/TKO,Punch,Red,2.0,346.0
SUB,Rear Naked Choke,Red,1.0,136.0
SUB,Rear Naked Choke,Red,2.0,571.0
SUB,Guillotine Choke,Red,3.0,732.0
KO/TKO,Punch,Blue,2.0,520.0
SUB,Guillotine Choke,Blue,1.0,67.0
KO/TKO,Elbows,Red,3.0,783.0
SUB,Guillotine Choke,Red,2.0,415.0
KO/TKO,Punches,Red,3.0,831.0
KO/TKO,Punches,Red,2.0,397.0
SUB,Armbar,Red,2.0,542.0
SUB,Rear Naked Choke,Blue,1.0,247.0
KO/TKO,Kick,Red,1.0,247.0
KO/TKO,Punches,Blue,2.0,426.0
KO/TKO,Elbow,Blue,2.0,507.0
KO/TKO,Punches,Blue,1.0,245.0
KO/TKO,Punch,Red,1.0,227.0
SUB,Arm Triangle,Red,2.0,472.0
KO/TKO,Punches,Red,2.0,456.0
KO/TKO,Punches,Red,4.0,1122.0
SUB,Kimura,Red,1.0,117.0
KO/TKO,Punches,Red,2.0,474.0
KO/TKO,Knee,Red,2.0,385.0
KO/TKO,Kick,Red,3.0,634.0
KO/TKO,Kick,Blue,1.0,100.0
KO/TKO,Punches,Red,3.0,890.0
SUB,Guillotine Choke,Blue,1.0,278.0
SUB,Rear Naked Choke,Red,2.0,477.0
KO/TKO,Punches,Blue,3.0,765.0
KO/TKO,Punches,Red,1.0,184.0
SUB,Armbar,Blue,2.0,419.0
SUB,Rear Naked Choke,Blue,1.0,201.0
SUB,Rear Naked Choke,Blue,2.0,400.0
KO/TKO,Punches,Red,1.0,48.0
SUB,Arm Triangle,Blue,1.0,270.0
KO/TKO,Punch,Blue,1.0,214.0
SUB,Other - Choke,Red,1.0,177.0
KO/TKO,Punches,Blue,3.0,725.0
KO/TKO,Punches,Blue,1.0,161.0
KO/TKO,Knee,Red,2.0,461.0
KO/TKO,Punches,Red,2.0,324.0
SUB,Rear Naked Choke,Blue,2.0,561.0
KO/TKO,Punch,Blue,1.0,92.0
KO/TKO,Punches,Blue,2.0,360.0
SUB,Triangle Choke,Red,1.0,134.0
SUB,D'Arce Choke,Red,1.0,234.0
KO/TKO,Punches,Red,1.0,147.0
SUB,Armbar,Red,2.0,569.0
SUB,D'Arce Choke,Blue,3.0,649.0
KO/TKO,Punch,Blue,1.0,190.0
SUB,Rear Naked Choke,Red,2.0,421.0
KO/TKO,Knees,Blue,1.0,52.0
KO/TKO,Punch,Blue,1.0,149.0
SUB,Kimura,Red,1.0,221.0
KO/TKO,Punch,Red,2.0,492.0
SUB,Armbar,Red,1.0,94.0
KO/TKO,Kick,Blue,2.0,441.0
SUB,Arm Triangle,Red,1.0,74.0
KO/TKO,Knees,Red,3.0,704.0
SUB,Rear Naked Choke,Blue,1.0,199.0
SUB,Kneebar,Red,2.0,493.0
KO/TKO,Punches,Red,3.0,826.0
KO/TKO,Kick,Blue,3.0,799.0
M-DEC,,Red,5.0,1500.0
KO/TKO,Elbows,Red,1.0,250.0
KO/TKO,Flying Knee,Red,2.0,515.0
SUB,Rear Naked Choke,Blue,2.0,492.0
KO/TKO,Punch,Blue,1.0,77.0
KO/TKO,Punch,Red,3.0,659.0
SUB,North-South Choke,Red,1.0,102.0
KO/TKO,Kick,Blue,3.0,830.0
SUB,Guillotine Choke,Red,2.0,346.0
KO/TKO,Knee,Blue,2.0,493.0
SUB,Rear Naked Choke,Red,3.0,825.0
SUB,Rear Naked Choke,Red,2.0,517.0
KO/TKO,Punch,Red,3.0,719.0
SUB,Rear Naked Choke,Blue,1.0,150.0
KO/TKO,Kick,Red,3.0,832.0
SUB,Armbar,Red,3.0,889.0
KO/TKO,Kick,Blue,2.0,508.0
KO/TKO,Elbows,Blue,2.0,328.0
SUB,Rear Naked Choke,Red,2.0,467.0
KO/TKO,Punch,Red,1.0,98.0
KO/TKO,Punch,Red,1.0,210.0
SUB,Rear Naked Choke,Blue,2.0,546.0
KO/TKO,Punch,Red,1.0,264.0
KO/TKO,Elbow,Blue,2.0,365.0
SUB,Other - Choke,Red,2.0,431.0
KO/TKO,Punch,Blue,3.0,639.0
KO/TKO,Elbow,Red,2.0,516.0
SUB,Rear Naked Choke,Blue,1.0,141.0
KO/TKO,Punch,Red,1.0,142.0
KO/TKO,Punches,Red,5.0,1267.0
KO/TKO,Punches,Red,1.0,120.0
KO/TKO,Knee,Blue,3.0,607.0
KO/TKO,Knee,Red,2.0,449.0
KO/TKO,Punch,Red,1.0,28.0
KO/TKO,Punch,Blue,2.0,421.0
SUB,Guillotine Choke,Blue,1.0,108.0
KO/TKO,Punches,Blue,1.0,177.0
KO/TKO,Punches,Blue,3.0,853.0
KO/TKO,Punches,Red,2.0,366.0
KO/TKO,Punch,Blue,1.0,217.0
KO/TKO,Knee,Red,2.0,482.0
KO/TKO,Punch,Red,1.0,76.0
KO/TKO,Punches,Blue,4.0,1131.0
KO/TKO,Punch,Red,1.0,22.0
SUB,Rear Naked Choke,Blue,1.0,49.0
KO/TKO,Elbows,Blue,1.0,104.0
KO/TKO,Kick,Red,3.0,669.0
KO/TKO,Punches,Blue,1.0,249.0
SUB,Rear Naked Choke,Blue,1.0,72.0
KO/TKO,Punches,Red,2.0,564.0
KO/TKO,Punches,Blue,1.0,81.0
SUB,Rear Naked Choke,Blue,1.0,277.0
KO/TKO,Punches,Red,2.0,346.0
SUB,Rear Naked Choke,Blue,2.0,343.0
KO/TKO,Elbows,Red,3.0,728.0
KO/TKO,Knees,Blue,2.0,588.0
SUB,Rear Naked Choke,Red,2.0,353.0
KO/TKO,Punch,Red,3.0,687.0
SUB,Guillotine Choke,Red,2.0,576.0
SUB,Rear Naked Choke,Blue,2.0,524.0
KO/TKO,Punch,Red,2.0,474.0
SUB,Rear Naked Choke,Red,3.0,751.0
KO/TKO,Slam,Blue,1.0,130.0
KO/TKO,Punch,Red,2.0,539.0
KO/TKO,Punches,Blue,1.0,82.0
KO/TKO,Elbows,Red,2.0,473.0
KO/TKO,Elbow,Blue,1.0,237.0
SUB,Armbar,Blue,1.0,138.0
SUB,Arm Triangle,Red,3.0,825.0
KO/TKO,Punch,Blue,1.0,174.0
KO/TKO,Punch,Blue,2.0,410.0
SUB,Guillotine Choke,Red,3.0,779.0
KO/TKO,Punches,Blue,1.0,42.0
KO/TKO,Punch,Blue,1.0,184.0
KO/TKO,Punches,Red,1.0,274.0
KO/TKO,Punch,Blue,1.0,104.0
KO/TKO,Punch,Red,1.0,15.0
SUB,Kimura,Blue,1.0,121.0
KO/TKO,Kick,Blue,1.0,26.0
KO/TKO,Punch,Red,3.0,810.0
KO/TKO,Punches,Blue,2.0,452.0
KO/TKO,Punch,Red,1.0,84.0
KO/TKO,Punches,Red,3.0,894.0
SUB,North-South Choke,Red,3.0,686.0
SUB,Rear Naked Choke,Blue,2.0,562.0
KO/TKO,Punch,Red,2.0,490.0
KO/TKO,Punches,Red,1.0,268.0
KO/TKO,Punch,Red,3.0,649.0
KO/TKO,Punch,Blue,2.0,576.0
SUB,Arm Triangle,Blue,1.0,223.0
SUB,Arm Triangle,Blue,2.0,556.0
SUB,Armbar,Red,1.0,171.0
KO/TKO,Punches,Blue,1.0,24.0
KO/TKO,Punches,Blue,3.0,753.0
KO/TKO,Punch,Blue,2.0,595.0
KO/TKO,Punch,Red,1.0,168.0
KO/TKO,Punches,Blue,2.0,445.0
KO/TKO,Punches,Red,2.0,545.0
KO/TKO,Knee,Red,1.0,79.0
SUB,Other - Choke,Red,1.0,110.0
KO/TKO,Punch,Blue,1.0,90.0
SUB,Armbar,Red,5.0,1395.0
SUB,Triangle Choke,Red,3.0,842.0
KO/TKO,Punch,Blue,3.0,819.0
KO/TKO,Punch,Blue,1.0,260.0
KO/TKO,Punches,Blue,2.0,453.0
KO/TKO,Punch,Red,1.0,150.0
SUB,Rear Naked Choke,Red,1.0,128.0
SUB,D'Arce Choke,Red,2.0,548.0
KO/TKO,Elbow,Blue,3.0,718.0
KO/TKO,,Blue,2.0,399.0
KO/TKO,Punch,Blue,2.0,461.0
KO/TKO,Punch,Red,2.0,599.0
KO/TKO,Punch,Blue,1.0,183.0
KO/TKO,Punches,Blue,2.0,383.0
SUB,Rear Naked Choke,Blue,3.0,863.0
KO/TKO,Kick,Red,3.0,685.0
DQ,,Blue,1.0,269.0
SUB,Rear Naked Choke,Blue,1.0,221.0
KO/TKO,,Red,3.0,728.0
KO/TKO,Punch,Blue,1.0,67.0
KO/TKO,Elbow,Red,1.0,224.0
KO/TKO,Punch,Red,3.0,710.0
SUB,Guillotine Choke,Red,2.0,425.0
KO/TKO,Flying Knee,Blue,1.0,275.0
KO/TKO,Kick,Red,3.0,758.0
SUB,Rear Naked Choke,Red,2.0,453.0
KO/TKO,Punch,Blue,1.0,150.0
SUB,Rear Naked Choke,Blue,2.0,502.0
SUB,Guillotine Choke,Red,1.0,256.0
SUB,Anaconda Choke,Red,3.0,870.0
KO/TKO,Punch,Blue,2.0,473.0
SUB,Armbar,Blue,1.0,120.0
KO/TKO,Kick,Blue,2.0,438.0
SUB,Armbar,Red,1.0,132.0
SUB,Other - Lock,Blue,1.0,30.0
SUB,Armbar,Blue,1.0,100.0
KO/TKO,Punches,Blue,3.0,722.0
KO/TKO,Punch,Blue,1.0,102.0
KO/TKO,Punches,Red,2.0,574.0
KO/TKO,Elbows,Blue,2.0,546.0
KO/TKO,Knee,Red,3.0,839.0
SUB,Rear Naked Choke,Blue,1.0,219.0
KO/TKO,Punch,Red,1.0,153.0
KO/TKO,Punches,Red,3.0,891.0
KO/TKO,Punches,Blue,3.0,747.0
SUB,Anaconda Choke,Blue,2.0,414.0
SUB,Rear Naked Choke,Blue,3.0,650.0
SUB,Guillotine Choke,Blue,2.0,502.0
KO/TKO,Punches,Blue,2.0,366.0
KO/TKO,Knee,Red,1.0,67.0
KO/TKO,Knee,Red,2.0,434.0
KO/TKO,Punches,Red,1.0,250.0
SUB,Guillotine Choke,Red,2.0,462.0
KO/TKO,Kick,Red,1.0,59.0
KO/TKO,Punch,Blue,1.0,273.0
SUB,Guillotine Choke,Red,3.0,642.0
SUB,Anaconda Choke,Red,2.0,401.0
SUB,Rear Naked Choke,Red,2.0,442.0
KO/TKO,Punch,Red,2.0,456.0
SUB,Triangle Choke,Red,1.0,293.0
KO/TKO,Punch,Red,3.0,632.0
KO/TKO,Punches,Red,2.0,420.0
KO/TKO,Punch,Red,1.0,57.0
KO/TKO,Punch,Blue,1.0,227.0
KO/TKO,Kick,Blue,2.0,444.0
KO/TKO,Punches,Blue,2.0,528.0
KO/TKO,Punches,Blue,1.0,286.0
KO/TKO,Punch,Red,1.0,167.0
SUB,Rear Naked Choke,Red,2.0,561.0
SUB,Rear Naked Choke,Blue,1.0,230.0
KO/TKO,Kick,Red,2.0,363.0
SUB,Rear Naked Choke,Red,2.0,565.0
KO/TKO,Punches,Red,2.0,597.0
KO/TKO,Punches,Blue,2.0,517.0
KO/TKO,Elbow,Red,1.0,138.0
SUB,Kimura,Red,1.0,234.0
KO/TKO,Punch,Red,3.0,708.0
KO/TKO,Punch,Red,3.0,768.0
KO/TKO,Punch,Red,1.0,298.0
SUB,Rear Naked Choke,Red,1.0,168.0
KO/TKO,Punch,Blue,1.0,118.0
SUB,Guillotine Choke,Blue,1.0,132.0
KO/TKO,Punch,Red,1.0,114.0
KO/TKO,Knee,Blue,2.0,557.0
SUB,Guillotine Choke,Blue,2.0,453.0
SUB,Guillotine Choke,Blue,1.0,228.0
SUB,Arm Triangle,Red,3.0,752.0
KO/TKO,Punch,Red,1.0,263.0
SUB,Triangle Choke,Blue,2.0,520.0
DQ,,Red,1.0,300.0
KO/TKO,Punch,Blue,1.0,284.0
KO/TKO,Punches,Blue,1.0,154.0
SUB,Guillotine Choke,Red,1.0,39.0
KO/TKO,Punch,Blue,4.0,998.0
SUB,Rear Naked Choke,Blue,1.0,238.0
KO/TKO,Punch,Red,3.0,899.0
SUB,Rear Naked Choke,Blue,2.0,569.0
SUB,Triangle Choke,Red,3.0,899.0
KO/TKO,Knees,Blue,1.0,53.0
SUB,Omoplata,Blue,2.0,419.0
SUB,Guillotine Choke,Blue,2.0,497.0
KO/TKO,Punch,Red,4.0,933.0
KO/TKO,Punch,Red,2.0,359.0
KO/TKO,Punch,Blue,3.0,736.0
KO/TKO,Punches,Blue,2.0,522.0
KO/TKO,Punch,Red,2.0,552.0
SUB,Rear Naked Choke,Blue,1.0,268.0
KO/TKO,,Blue,5.0,1338.0
KO/TKO,Knee,Blue,1.0,180.0
KO/TKO,,Blue,3.0,900.0
KO/TKO,Kick,Red,2.0,460.0
SUB,Other - Choke,Red,1.0,105.0
KO/TKO,Punches,Red,5.0,1356.0
SUB,Arm Triangle,Red,1.0,285.0
KO/TKO,Kick,Red,1.0,220.0
KO/TKO,Punch,Red,3.0,823.0
SUB,Rear Naked Choke,Red,1.0,147.0
SUB,Rear Naked Choke,Red,1.0,268.0
KO/TKO,Punches,Blue,3.0,730.0
KO/TKO,Kick,Blue,2.0,360.0
SUB,Rear Naked Choke,Blue,1.0,164.0
SUB,Kneebar,Red,3.0,743.0
KO/TKO,Slam,Red,1.0,39.0
KO/TKO,Punch,Blue,1.0,175.0
KO/TKO,Kick,Red,1.0,33.0
SUB,Other - Choke,Red,3.0,761.0
SUB,Rear Naked Choke,Red,1.0,271.0
KO/TKO,Punch,Blue,1.0,213.0
KO/TKO,Punch,Blue,2.0,407.0
SUB,Rear Naked Choke,Red,2.0,425.0
KO/TKO,Knee,Red,1.0,272.0
SUB,Arm Triangle,Red,2.0,546.0
KO/TKO,Punches,Blue,2.0,475.0
KO/TKO,Kick,Blue,1.0,33.0
SUB,D'Arce Choke,Blue,2.0,438.0
SUB,Rear Naked Choke,Red,3.0,775.0
KO/TKO,Elbows,Blue,3.0,776.0
SUB,Guillotine Choke,Blue,1.0,138.0
KO/TKO,Punches,Blue,1.0,50.0
KO/TKO,Elbow,Blue,2.0,599.0
SUB,Armbar,Red,1.0,174.0
KO/TKO,Elbow,Blue,2.0,580.0
KO/TKO,Punch,Blue,1.0,208.0
SUB,Rear Naked Choke,Red,2.0,595.0
SUB,Guillotine Choke,Red,1.0,212.0
KO/TKO,Elbows,Red,2.0,512.0
KO/TKO,Punches,Red,1.0,148.0
SUB,Triangle Choke,Blue,2.0,352.0
KO/TKO,Punches,Blue,1.0,273.0
KO/TKO,Punches,Blue,2.0,458.0
KO/TKO,Punch,Blue,3.0,689.0
SUB,Rear Naked Choke,Red,2.0,420.0
KO/TKO,Punch,Blue,1.0,172.0
KO/TKO,Punch,Blue,2.0,369.0
KO/TKO,Punch,Red,2.0,493.0
SUB,Triangle Choke,Blue,1.0,59.0
KO/TKO,Elbows,Blue,1.0,193.0
KO/TKO,Punches,Blue,2.0,545.0
KO/TKO,Elbows,Blue,1.0,265.0
KO/TKO,Punches,Red,1.0,259.0
SUB,Armbar,Blue,1.0,283.0
KO/TKO,Punches,Red,1.0,226.0
KO/TKO,Punch,Red,2.0,593.0
KO/TKO,Punches,Red,2.0,361.0
KO/TKO,Kick,Red,3.0,882.0
KO/TKO,Punch,Blue,1.0,146.0
KO/TKO,Flying Knee,Red,2.0,448.0
KO/TKO,Punch,Blue,2.0,488.0
KO/TKO,Punch,Red,1.0,87.0
SUB,Heel Hook,Red,1.0,91.0
SUB,Kneebar,Red,2.0,522.0
KO/TKO,Punches,Blue,3.0,873.0
KO/TKO,Elbow,Blue,2.0,437.0
KO/TKO,Kick,Red,2.0,383.0
KO/TKO,Punch,Red,1.0,118.0
SUB,Rear Naked Choke,Red,1.0,89.0
SUB,D'Arce Choke,Red,2.0,559.0
SUB,Kneebar,Red,2.0,526.0
SUB,Arm Triangle,Blue,2.0,342.0
SUB,Arm Triangle,Red,2.0,461.0
KO/TKO,Punches,Red,2.0,600.0
KO/TKO,Kick,Red,1.0,189.0
SUB,Rear Naked Choke,Blue,1.0,266.0
KO/TKO,Punches,Red,3.0,843.0
SUB,Rear Naked Choke,Red,2.0,502.0
KO/TKO,Flying Knee,Red,2.0,380.0
KO/TKO,Knee,Red,2.0,550.0
SUB,Guillotine Choke,Red,1.0,81.0
SUB,Armbar,Red,1.0,295.0
KO/TKO,Punch,Blue,2.0,360.0
SUB,Arm Triangle,Red,2.0,582.0
KO/TKO,,Red,3.0,900.0
KO/TKO,Punches,Red,3.0,889.0
KO/TKO,Kick,Blue,2.0,379.0
SUB,Neck Crank,Red,4.0,1083.0
KO/TKO,Kick,Blue,3.0,660.0
KO/TKO,Elbows,Red,3.0,822.0
KO/TKO,Punches,Red,1.0,232.0
KO/TKO,Punch,Red,1.0,251.0
SUB,Arm Triangle,Red,1.0,160.0
KO/TKO,Punch,Blue,2.0,490.0
KO/TKO,Kick,Blue,2.0,314.0
SUB,Rear Naked Choke,Blue,3.0,866.0
KO/TKO,Punches,Blue,3.0,766.0
SUB,Rear Naked Choke,Red,2.0,434.0
KO/TKO,Punches,Blue,2.0,339.0
KO/TKO,Punches,Blue,1.0,291.0
SUB,Armbar,Red,1.0,131.0
KO/TKO,Elbow,Blue,5.0,1499.0
Overturned,D'Arce Choke,Blue,2.0,463.0
SUB,Rear Naked Choke,Red,1.0,117.0
KO/TKO,Punches,Red,1.0,46.0
SUB,Armbar,Red,1.0,286.0
KO/TKO,Punches,Red,2.0,421.0
SUB,Rear Naked Choke,Red,1.0,288.0
SUB,Rear Naked Choke,Blue,2.0,391.0
KO/TKO,Elbow,Blue,1.0,117.0
SUB,Guillotine Choke,Red,1.0,62.0
KO/TKO,Punch,Blue,4.0,1056.0
KO/TKO,Elbows,Red,3.0,849.0
KO/TKO,Punch,Blue,1.0,45.0
SUB,Rear Naked Choke,Red,3.0,845.0
SUB,Armbar,Blue,2.0,427.0
SUB,Armbar,Red,1.0,221.0
SUB,Armbar,Red,1.0,216.0
SUB,Rear Naked Choke,Blue,2.0,431.0
KO/TKO,Kick,Red,1.0,159.0
SUB,Rear Naked Choke,Red,2.0,552.0
SUB,Guillotine Choke,Red,1.0,290.0
KO/TKO,Punches,Red,1.0,78.0
SUB,Anaconda Choke,Blue,3.0,679.0
SUB,Kimura,Red,3.0,891.0
KO/TKO,Punches,Red,2.0,450.0
KO/TKO,Punches,Red,3.0,643.0
KO/TKO,Punches,Blue,1.0,134.0
SUB,Rear Naked Choke,Blue,2.0,557.0
KO/TKO,Spinning Back Fist,Blue,1.0,245.0
KO/TKO,Punch,Blue,2.0,341.0
KO/TKO,,Red,4.0,1200.0
KO/TKO,Knee,Blue,1.0,179.0
KO/TKO,Knee,Blue,3.0,658.0
KO/TKO,Punches,Red,3.0,739.0
SUB,Guillotine Choke,Blue,1.0,265.0
KO/TKO,Punches,Blue,3.0,759.0
SUB,Rear Naked Choke,Blue,1.0,75.0
SUB,Heel Hook,Blue,1.0,166.0
SUB,D'Arce Choke,Blue,1.0,100.0
SUB,Kimura,Blue,2.0,356.0
KO/TKO,Kick,Blue,1.0,61.0
KO/TKO,Punches,Blue,2.0,554.0
KO/TKO,Punches,Red,3.0,722.0
SUB,Rear Naked Choke,Red,3.0,852.0
KO/TKO,Kick,Blue,2.0,523.0
KO/TKO,Punch,Red,1.0,236.0
SUB,Armbar,Red,1.0,211.0
SUB,Arm Triangle,Red,1.0,201.0
DQ,,Blue,2.0,448.0
KO/TKO,Punches,Red,1.0,32.0
SUB,Rear Naked Choke,Blue,1.0,145.0
SUB,Armbar,Red,2.0,410.0
SUB,Anaconda Choke,Red,2.0,355.0
KO/TKO,Spinning Back Fist,Red,1.0,15.0
KO/TKO,Punches,Red,2.0,344.0
KO/TKO,Kick,Blue,2.0,354.0
SUB,Anaconda Choke,Red,2.0,367.0
SUB,Guillotine Choke,Blue,1.0,197.0
KO/TKO,Spinning Back Kick,Blue,1.0,148.0
KO/TKO,Punch,Red,1.0,233.0
KO/TKO,Punches,Red,1.0,169.0
SUB,Kimura,Red,1.0,295.0
SUB,Armbar,Red,2.0,457.0
SUB,Rear Naked Choke,Blue,1.0,239.0
SUB,Rear Naked Choke,Blue,1.0,126.0
SUB,Guillotine Choke,Blue,1.0,189.0
KO/TKO,Punches,Red,1.0,26.0
KO/TKO,Punch,Blue,2.0,361.0
KO/TKO,Knee,Red,3.0,894.0
SUB,Rear Naked Choke,Blue,2.0,370.0
KO/TKO,Punch,Blue,1.0,94.0
SUB,Arm Triangle,Red,2.0,441.0
SUB,Rear Naked Choke,Blue,2.0,507.0
KO/TKO,Punch,Blue,1.0,292.0
KO/TKO,Elbows,Red,1.0,38.0
KO/TKO,Punch,Blue,1.0,109.0
KO/TKO,Flying Knee,Blue,1.0,36.0
SUB,Other - Choke,Blue,1.0,200.0
SUB,Armbar,Red,2.0,581.0
KO/TKO,Punches,Blue,2.0,418.0
SUB,Triangle Choke,Blue,1.0,198.0
KO/TKO,Punch,Blue,1.0,290.0
SUB,Rear Naked Choke,Blue,1.0,77.0
SUB,Armbar,Blue,3.0,757.0
KO/TKO,Punch,Blue,2.0,485.0
KO/TKO,Punches,Red,2.0,582.0
SUB,Rear Naked Choke,Red,2.0,466.0
KO/TKO,Punch,Red,1.0,85.0
KO/TKO,Punches,Red,2.0,481.0
SUB,Armbar,Red,1.0,264.0
SUB,Guillotine Choke,Blue,1.0,49.0
KO/TKO,Punch,Red,3.0,854.0
SUB,Triangle Choke,Blue,3.0,860.0
KO/TKO,Punches,Blue,1.0,172.0
SUB,Rear Naked Choke,Red,2.0,372.0
SUB,Rear Naked Choke,Blue,2.0,450.0
KO/TKO,Punch,Blue,1.0,178.0
SUB,Other - Choke,Red,2.0,490.0
KO/TKO,Knee,Red,1.0,285.0
KO/TKO,Spinning Back Kick,Red,1.0,86.0
KO/TKO,Punches,Blue,2.0,495.0
KO/TKO,Elbows,Blue,2.0,378.0
SUB,Rear Naked Choke,Red,2.0,555.0
SUB,Rear Naked Choke,Red,1.0,132.0
SUB,Arm Triangle,Blue,3.0,796.0
KO/TKO,Punches,Red,2.0,442.0
KO/TKO,Knees,Red,1.0,50.0
SUB,Armbar,Red,3.0,804.0
KO/TKO,Kick,Red,1.0,287.0
KO/TKO,Elbows,Red,2.0,589.0
KO/TKO,Punch,Blue,1.0,127.0
KO/TKO,Slam,Blue,2.0,478.0
KO/TKO,Punch,Blue,3.0,648.0
KO/TKO,Punch,Red,3.0,853.0
KO/TKO,Punch,Red,2.0,431.0
KO/TKO,Flying Knee,Blue,1.0,107.0
KO/TKO,Kick,Red,3.0,709.0
SUB,Rear Naked Choke,Blue,1.0,204.0
SUB,Rear Naked Choke,Blue,2.0,447.0
KO/TKO,Knee,Blue,1.0,219.0
SUB,Arm Triangle,Red,4.0,1127.0
KO/TKO,Punch,Red,1.0,232.0
SUB,Guillotine Choke,Red,3.0,841.0
SUB,Rear Naked Choke,Blue,4.0,1058.0
SUB,Rear Naked Choke,Red,2.0,419.0
KO/TKO,Kick,Blue,1.0,47.0
SUB,Anaconda Choke,Red,2.0,565.0
KO/TKO,Punches,Blue,2.0,596.0
KO/TKO,Punch,Blue,1.0,246.0
KO/TKO,Punches,Blue,1.0,9.0
KO/TKO,Kick,Blue,3.0,774.0
KO/TKO,Punches,Blue,3.0,674.0
KO/TKO,Punch,Blue,1.0,58.0
KO/TKO,Punch,Red,1.0,199.0
KO/TKO,Punch,Red,3.0,642.0
KO/TKO,Punch,Red,1.0,78.0
KO/TKO,Punch,Blue,1.0,124.0
KO/TKO,Kick,Red,1.0,250.0
SUB,Rear Naked Choke,Red,1.0,72.0
KO/TKO,Punch,Red,2.0,399.0
KO/TKO,Flying Knee,Red,1.0,5.0
SUB,Rear Naked Choke,Red,2.0,505.0
KO/TKO,Punch,Red,1.0,187.0
KO/TKO,Punches,Red,1.0,265.0
KO/TKO,Knee,Blue,3.0,834.0
KO/TKO,Punches,Red,1.0,45.0
KO/TKO,Punch,Blue,1.0,153.0
KO/TKO,Punches,Red,2.0,459.0
KO/TKO,Elbows,Red,2.0,553.0
KO/TKO,Kick,Red,3.0,849.0
SUB,Rear Naked Choke,Red,2.0,380.0
SUB,Neck Crank,Red,1.0,155.0
SUB,Guillotine Choke,Red,1.0,58.0
KO/TKO,Punch,Blue,2.0,336.0
SUB,Triangle Choke,Blue,1.0,83.0
KO/TKO,Knee,Red,3.0,706.0
SUB,Guillotine Choke,Blue,3.0,709.0
SUB,Arm Triangle,Red,2.0,566.0
KO/TKO,,Red,1.0,176.0
SUB,Armbar,Red,1.0,69.0
KO/TKO,Punch,Red,2.0,571.0
KO/TKO,Punches,Blue,4.0,1149.0
KO/TKO,Punch,Blue,1.0,254.0
SUB,Anaconda Choke,Blue,2.0,579.0
SUB,Rear Naked Choke,Red,3.0,715.0
KO/TKO,Elbow,Red,2.0,442.0
SUB,Rear Naked Choke,Red,3.0,726.0
KO/TKO,Elbows,Blue,3.0,746.0
KO/TKO,Punch,Blue,1.0,266.0
KO/TKO,Punch,Red,1.0,213.0
KO/TKO,Punch,Blue,1.0,258.0
KO/TKO,Punch,Red,1.0,283.0
SUB,Peruvian Necktie,Red,1.0,218.0
KO/TKO,Elbow,Blue,3.0,716.0
KO/TKO,Spinning Back Fist,Blue,2.0,391.0
KO/TKO,Punch,Blue,1.0,96.0
KO/TKO,Elbows,Red,1.0,155.0
SUB,Rear Naked Choke,Red,3.0,771.0
KO/TKO,Punches,Red,1.0,72.0
SUB,Other - Choke,Blue,2.0,466.0
KO/TKO,Punch,Blue,1.0,130.0
SUB,Arm Triangle,Red,3.0,780.0
SUB,Triangle Choke,Red,1.0,237.0
KO/TKO,Punch,Blue,2.0,599.0
KO/TKO,Punch,Blue,2.0,513.0
SUB,Arm Triangle,Blue,2.0,494.0
SUB,Guillotine Choke,Red,1.0,188.0
KO/TKO,Elbows,Red,3.0,797.0
KO/TKO,Kick,Red,2.0,452.0
KO/TKO,Punch,Red,3.0,885.0
KO/TKO,Kick,Red,1.0,104.0
SUB,Guillotine Choke,Red,2.0,421.0
SUB,Armbar,Red,1.0,166.0
KO/TKO,Punches,Red,1.0,103.0
KO/TKO,Punches,Red,1.0,93.0
KO/TKO,Punch,Red,1.0,135.0
SUB,Rear Naked Choke,Red,3.0,834.0
SUB,Rear Naked Choke,Blue,1.0,122.0
KO/TKO,Punches,Blue,1.0,131.0
KO/TKO,Punch,Blue,1.0,29.0
KO/TKO,Kick,Blue,1.0,147.0
KO/TKO,Punches,Red,1.0,127.0
KO/TKO,Kick,Red,1.0,167.0
KO/TKO,Punch,Red,3.0,723.0
KO/TKO,Punch,Red,3.0,872.0
SUB,Triangle Choke,Blue,1.0,170.0
KO/TKO,Kick,Red,3.0,629.0
SUB,Rear Naked Choke,Blue,3.0,841.0
KO/TKO,Punch,Blue,2.0,594.0
KO/TKO,Punch,Red,1.0,86.0
SUB,Rear Naked Choke,Red,1.0,237.0
KO/TKO,Punch,Blue,3.0,859.0
SUB,Triangle Choke,Blue,2.0,382.0
KO/TKO,Punch,Blue,5.0,1496.0
KO/TKO,Punches,Red,3.0,633.0
SUB,Triangle Choke,Red,2.0,498.0
SUB,Other - Lock,Red,1.0,260.0
KO/TKO,Punch,Red,3.0,849.0
SUB,Rear Naked Choke,Red,2.0,376.0
KO/TKO,Punches,Blue,2.0,597.0
SUB,Guillotine Choke,Blue,1.0,158.0
KO/TKO,Elbows,Red,1.0,274.0
KO/TKO,Punches,Red,1.0,90.0
KO/TKO,Punch,Red,5.0,1450.0
KO/TKO,Punch,Blue,1.0,291.0
KO/TKO,Punches,Red,2.0,595.0
KO/TKO,Punch,Red,1.0,197.0
KO/TKO,Punches,Blue,2.0,572.0
KO/TKO,Punches,Blue,1.0,198.0
SUB,Rear Naked Choke,Blue,1.0,223.0
SUB,Armbar,Red,2.0,578.0
SUB,Rear Naked Choke,Blue,2.0,406.0
KO/TKO,Punches,Red,1.0,40.0
KO/TKO,Punch,Red,1.0,70.0
SUB,Rear Naked Choke,Red,3.0,773.0
KO/TKO,Elbows,Blue,2.0,566.0
KO/TKO,Knee,Red,1.0,163.0
SUB,Arm Triangle,Blue,1.0,153.0
Overturned,Punch,Blue,1.0,38.0
KO/TKO,Flying Knee,Blue,2.0,401.0
KO/TKO,Punches,Red,3.0,663.0
DQ,,Red,1.0,242.0
KO/TKO,Punch,Blue,1.0,188.0
DQ,,Red,3.0,789.0
KO/TKO,Punch,Red,3.0,616.0
KO/TKO,Punch,Blue,2.0,582.0
SUB,Guillotine Choke,Blue,2.0,517.0
KO/TKO,Punches,Blue,1.0,201.0
KO/TKO,Punches,Blue,1.0,85.0
KO/TKO,Punches,Red,1.0,287.0
KO/TKO,Punches,Red,1.0,217.0
KO/TKO,Punches,Blue,1.0,38.0
SUB,Guillotine Choke,Red,2.0,518.0
KO/TKO,Punch,Blue,2.0,414.0
KO/TKO,Punch,Red,1.0,211.0
SUB,Rear Naked Choke,Red,3.0,733.0
SUB,Arm Triangle,Red,1.0,178.0
KO/TKO,Punches,Red,1.0,122.0
KO/TKO,Punch,Blue,1.0,154.0
SUB,Guillotine Choke,Blue,3.0,628.0
SUB,Rear Naked Choke,Red,1.0,44.0
KO/TKO,Knee,Red,2.0,598.0
KO/TKO,Elbow,Blue,2.0,469.0
KO/TKO,Punch,Blue,5.0,1419.0
KO/TKO,Punches,Blue,5.0,1264.0
KO/TKO,Elbow,Red,2.0,349.0
SUB,Ankle Lock,Blue,2.0,325.0
KO/TKO,Punches,Red,2.0,480.0
KO/TKO,Knees,Red,1.0,39.0
KO/TKO,Punch,Red,2.0,318.0
KO/TKO,Kick,Red,2.0,567.0
KO/TKO,Knee,Red,1.0,111.0
SUB,Guillotine Choke,Blue,1.0,183.0
SUB,Kneebar,Red,1.0,156.0
SUB,Rear Naked Choke,Red,2.0,506.0
SUB,Arm Triangle,Blue,2.0,498.0
SUB,Rear Naked Choke,Red,1.0,88.0
KO/TKO,Punches,Blue,2.0,370.0
SUB,Rear Naked Choke,Blue,1.0,80.0
KO/TKO,Punch,Red,1.0,74.0
KO/TKO,Kick,Blue,1.0,246.0
KO/TKO,Punches,Red,1.0,22.0
SUB,Rear Naked Choke,Blue,1.0,257.0
SUB,Rear Naked Choke,Red,1.0,162.0
KO/TKO,Punch,Red,1.0,32.0
SUB,Rear Naked Choke,Blue,3.0,876.0
KO/TKO,Punches,Blue,1.0,41.0
SUB,Armbar,Red,1.0,145.0
KO/TKO,Punches,Red,2.0,590.0
SUB,Arm Triangle,Blue,3.0,824.0
SUB,Armbar,Red,3.0,746.0
SUB,Guillotine Choke,Blue,3.0,773.0
SUB,D'Arce Choke,Blue,3.0,764.0
SUB,Armbar,Red,1.0,141.0
SUB,Anaconda Choke,Red,1.0,195.0
KO/TKO,Punch,Blue,3.0,758.0
KO/TKO,Punches,Red,5.0,1404.0
KO/TKO,Punch,Blue,2.0,349.0
SUB,Armbar,Blue,1.0,163.0
SUB,D'Arce Choke,Blue,2.0,372.0
SUB,Kneebar,Red,1.0,88.0
SUB,Heel Hook,Red,1.0,78.0
SUB,Guillotine Choke,Blue,1.0,145.0
SUB,Triangle Choke,Blue,1.0,282.0
KO/TKO,Kick,Red,1.0,255.0
SUB,Armbar,Red,1.0,150.0
KO/TKO,Punch,Red,3.0,450.0
KO/TKO,Punches,Red,1.0,189.0
SUB,Rear Naked Choke,Blue,1.0,168.0
SUB,Triangle Choke,Red,1.0,126.0
KO/TKO,Punches,Red,3.0,626.0
KO/TKO,Knee,Blue,3.0,657.0
KO/TKO,Knee,Red,2.0,596.0
U-DEC,,Blue,,
KO/TKO,Knee,Red,,
SUB,Armbar,Blue,,
KO/TKO,Elbows,Blue,,
KO/TKO,Punch,Blue,,
U-DEC,,Red,,
SUB,Rear Naked Choke,Blue,,
KO/TKO,Punches,Red,,
KO/TKO,,Blue,,
KO/TKO,Elbow,Blue,,
KO/TKO,Punches,Blue,,
S-DEC,,Blue,,
SUB,Rear Naked Choke,Red,1.0,218.0
SUB,,Blue,3.0,900.0
SUB,Armbar,Red,1.0,113.0
SUB,Guillotine Choke,Red,2.0,407.0
KO/TKO,,Red,,
SUB,,Red,,
SUB,,Blue,,
S-DEC,,Red,,
M-DEC,,Red,,
DQ,,Blue,,
