"fighter","fights","wins","win_pct","avg_sig_str_rate","rank_sigstr","avg_td_landed","rank_td_landed","avg_ctrl_time_s","rank_ctrl_time","avg_avgkd","rank_avgkd","overall_rank"
"Alexander Volkanovski","9","9","1.00","0.600","32","2.07","101","245.8","89","0.42","127","1"
"Kamaru Usman","14","14","1.00","0.545","93","3.92","11","500.6","4","0.32","208","2"
"Edmen Shahbazyan","5","4","0.80","0.557","79","3.15","31","229.6","105","0.37","145","3"
"Georges St-Pierre","7","7","1.00","0.512","159","6.48","2","647.3","1","0.25","275","4"
"Matheus Nicolau","5","4","0.80","0.539","98","1.57","165","195.3","153","1.20","2","5"
"Tatiana Suarez","5","5","1.00","0.739","2","3.03","36","290.7","45","0.00","552","6"
"Deiveson Figueiredo","9","8","0.89","0.555","80","1.29","242","166.6","213","0.85","9","7"
"Raoni Barcelos","5","5","1.00","0.527","119","1.67","144","161.0","233","0.53","76","8"
"Jon Jones","17","17","1.00","0.569","69","1.73","137","222.0","116","0.24","285","9"
"Demetrious Johnson","17","15","0.88","0.534","109","4.32","7","314.0","31","0.17","387","10"
"Gregor Gillespie","7","6","0.86","0.504","189","3.24","26","349.0","21","0.27","250","11"
"Cain Velasquez","9","6","0.67","0.548","90","2.48","57","292.3","43","0.72","22","12"
"Islam Makhachev","9","8","0.89","0.599","35","2.07","102","230.2","104","0.16","401","13"
"Khabib Nurmagomedov","13","13","1.00","0.484","238","4.35","6","414.8","7","0.23","301","14"
"Zabit Magomedsharipov","6","6","1.00","0.569","66","3.77","12","247.6","85","0.00","552","15"
"Stipe Miocic","18","15","0.83","0.516","147","1.59","162","187.6","168","0.30","221","16"
"Amanda Nunes","15","14","0.93","0.525","124","1.46","196","158.9","242","0.32","209","17"
"Trevin Giles","7","5","0.71","0.611","21","1.60","157","169.3","205","0.28","243","18"
"Curtis Blaydes","12","9","0.75","0.527","123","4.11","8","300.2","40","0.08","515","19"
"Bryce Mitchell","5","5","1.00","0.567","70","1.57","166","197.2","151","0.00","552","20"
"Valentina Shevchenko","11","9","0.82","0.530","115","2.24","81","253.6","76","0.08","521","21"
"Magomed Ankalaev","7","6","0.86","0.573","61","0.26","616","202.1","139","0.54","73","22"
"Justin Willis","5","4","0.80","0.591","41","1.27","244","103.9","392","0.33","190","23"
"Erik Perez","9","7","0.78","0.509","168","1.56","169","165.5","216","0.32","196","24"
"Grant Dawson","5","5","1.00","0.469","291","3.27","23","368.3","16","0.00","552","25"
"TJ Grant","8","6","0.75","0.538","99","1.43","201","201.7","140","0.19","359","26"
"Macy Chiasson","6","5","0.83","0.532","111","0.25","618","226.0","109","0.48","91","27"
"Yoel Romero","13","9","0.69","0.564","72","1.49","188","105.6","386","0.75","16","28"
"Leon Edwards","12","10","0.83","0.496","209","1.05","298","204.5","137","0.28","237","29"
"Daniel Cormier","14","11","0.79","0.534","108","1.33","227","258.8","73","0.13","448","30"
"Montel Jackson","6","4","0.67","0.552","85","2.63","47","177.7","187","0.21","329","31"
"Kyoji Horiguchi","9","8","0.89","0.466","308","1.33","228","146.4","272","0.55","67","32"
"Brett Johns","8","6","0.75","0.506","182","3.55","18","307.1","38","0.00","552","33"
"Elias Silverio","6","4","0.67","0.543","96","1.44","198","271.2","63","0.23","302","34"
"Aleksandar Rakic","7","6","0.86","0.505","186","0.52","491","184.4","173","0.47","96","35"
"Claudio Silva","6","5","0.83","0.505","188","2.04","104","238.9","92","0.00","552","36"
"Dong Hyun Kim","15","10","0.67","0.477","262","2.06","103","338.5","23","0.35","178","37"
"Dustin Poirier","24","19","0.79","0.503","191","0.98","322","164.3","222","0.44","114","38"
"Colby Covington","14","12","0.86","0.460","335","4.01","9","367.4","17","0.07","531","39"
"Petr Yan","8","7","0.88","0.509","171","0.96","330","69.8","525","1.06","6","40"
"Scott Holtzman","11","7","0.64","0.509","170","1.90","117","271.2","62","0.33","187","41"
"Alex Perez","8","6","0.75","0.502","196","1.54","176","169.2","207","0.24","284","42"
"Makwan Amirkhani","9","6","0.67","0.570","63","1.69","143","155.0","253","0.22","312","43"
"Aljamain Sterling","15","12","0.80","0.509","169","1.58","163","231.9","101","0.00","552","44"
"Michel Prazeres","13","10","0.77","0.475","267","3.30","21","237.0","98","0.11","467","45"
"Bartosz Fabinski","5","3","0.60","0.722","6","5.70","3","505.9","3","0.00","552","46"
"Beneil Dariush","19","15","0.79","0.496","210","0.90","343","178.7","183","0.34","182","47"
"Brian Ebersole","8","5","0.63","0.531","113","1.64","147","285.2","47","0.25","281","48"
"Ronda Rousey","8","6","0.75","0.585","43","1.10","283","115.4","352","0.21","319","49"
"Rashid Magomedov","7","6","0.86","0.553","83","0.41","531","86.0","457","0.60","55","50"
"Henry Cejudo","12","10","0.83","0.446","379","1.57","167","161.7","229","0.39","139","51"
"Cody Stamann","7","5","0.71","0.514","153","3.70","13","204.7","135","0.00","552","52"
"Ronny Markes","5","3","0.60","0.630","13","3.10","33","431.7","6","0.00","552","53"
"Chad Mendes","14","9","0.64","0.514","154","1.95","114","146.2","274","0.45","104","54"
"Viviane Araujo","5","4","0.80","0.506","184","1.77","130","56.0","583","0.37","146","55"
"Julianna Pena","8","6","0.75","0.492","216","1.70","140","262.6","67","0.00","552","56"
"Jared Rosholt","9","7","0.78","0.484","237","1.46","195","340.6","22","0.00","552","57"
"Benson Henderson","15","11","0.73","0.451","364","2.14","94","258.9","72","0.23","300","58"
"Cristiane Justino","7","6","0.86","0.592","40","0.38","547","64.1","549","0.42","126","59"
"Youssef Zalel","5","3","0.60","0.535","106","2.70","45","274.5","59","0.15","417","60"
"Fabricio Werdum","14","10","0.71","0.574","59","0.82","374","114.6","356","0.28","236","61"
"Jimmy Crute","5","4","0.80","0.471","285","1.17","270","215.7","122","0.17","378","62"
"Kevin Holland","10","7","0.70","0.605","25","0.75","396","113.4","362","0.28","234","63"
"Jessica Andrade","18","12","0.67","0.522","133","1.99","108","173.7","193","0.11","478","64"
"Cory Sandhagen","8","7","0.88","0.495","213","0.60","451","93.3","431","0.43","118","65"
"Nordine Taleb","13","8","0.62","0.555","81","1.83","124","231.7","102","0.15","430","66"
"Ramazan Emeev","6","5","0.83","0.458","343","1.42","204","204.9","134","0.14","431","67"
"Jon Fitch","5","3","0.60","0.529","116","3.65","15","459.5","5","0.00","552","68"
"Corey Anderson","15","10","0.67","0.486","231","3.51","20","260.7","71","0.03","547","69"
"Yana Kunitskaya","6","4","0.67","0.536","103","1.33","229","258.5","74","0.00","552","70"
"Alexander Volkov","10","8","0.80","0.579","50","0.76","393","76.7","493","0.20","343","71"
"Vincente Luque","15","12","0.80","0.525","125","0.40","538","80.3","481","0.49","86","72"
"Jared Gordon","8","5","0.63","0.553","84","1.99","107","248.4","81","0.00","552","73"
"Jake Matthews","16","11","0.69","0.481","253","1.53","181","213.7","123","0.20","338","74"
"Ciryl Gane","5","5","1.00","0.574","58","0.53","486","38.9","635","0.27","248","75"
"Mike Russow","5","3","0.60","0.479","258","4.53","5","399.9","8","0.19","360","76"
"Mike Pierce","12","8","0.67","0.440","405","2.47","59","366.1","18","0.22","309","77"
"Cheick Kongo","6","4","0.67","0.512","158","1.19","266","185.1","170","0.18","374","78"
"John Hathaway","6","4","0.67","0.429","449","2.33","69","326.8","26","0.29","233","79"
"Anthony Johnson","11","8","0.73","0.467","300","0.85","357","134.3","298","0.65","41","80"
"Aspen Ladd","5","4","0.80","0.525","126","0.83","370","158.7","243","0.00","552","81"
"Aaron Simpson","8","4","0.50","0.512","161","3.18","29","326.3","27","0.44","115","82"
"Kyung Ho Kang","8","6","0.75","0.423","477","2.37","64","312.6","32","0.16","404","83"
"Magnus Cedenblad","9","6","0.67","0.587","42","0.83","366","172.1","197","0.11","470","84"
"Neil Magny","26","19","0.73","0.477","259","2.14","95","167.6","208","0.09","497","85"
"Ray Borg","13","8","0.62","0.504","190","3.64","16","374.2","12","0.00","552","86"
"Elias Theodorou","12","9","0.75","0.470","286","1.56","168","200.0","142","0.00","552","87"
"TJ Dillashaw","16","12","0.75","0.424","470","1.27","248","166.3","214","0.47","97","88"
"Drakkar Klose","6","4","0.67","0.519","139","1.43","199","187.0","169","0.00","552","89"
"Tim Kennedy","5","3","0.60","0.515","151","1.50","185","247.7","84","0.17","378","90"
"Alex Oliveira","18","11","0.61","0.497","207","1.48","191","192.2","160","0.30","223","91"
"Devin Clark","11","6","0.55","0.578","51","1.84","123","231.6","103","0.27","255","92"
"Gilbert Burns","16","12","0.75","0.436","423","1.60","160","169.2","206","0.23","296","93"
"Alan Patrick","8","5","0.63","0.452","363","2.47","58","265.9","64","0.25","281","94"
"Chris Wade","7","5","0.71","0.466","307","1.62","155","205.9","132","0.11","479","95"
"Johny Hendricks","19","11","0.58","0.481","251","3.16","30","248.2","82","0.32","210","96"
"Alistair Overeem","20","12","0.60","0.738","5","0.40","539","129.5","310","0.53","74","97"
"Paulo Costa","6","5","0.83","0.602","30","0.00","697","5.6","736","0.68","32","98"
"Glover Teixeira","20","15","0.75","0.466","306","1.11","282","140.4","287","0.22","306","99"
"Amanda Ribas","5","4","0.80","0.463","326","1.35","222","194.1","156","0.00","552","100"
"Alberto Mina","5","4","0.80","0.510","167","0.50","497","35.8","647","0.60","54","101"
"Sage Northcutt","8","6","0.75","0.578","54","0.96","328","73.4","504","0.11","475","102"
"Olivier Aubin-Mercier","13","8","0.62","0.506","183","2.01","105","197.2","150","0.14","436","103"
"Chris Weidman","16","11","0.69","0.437","420","2.56","52","209.1","128","0.19","356","104"
"Jorge Masvidal","19","12","0.63","0.483","240","1.18","269","147.0","269","0.40","134","105"
"Rafael Dos Anjos","27","18","0.67","0.453","361","1.70","141","191.6","162","0.21","330","105"
"Casey Kenney","7","5","0.71","0.521","137","0.98","319","160.1","239","0.00","552","107"
"Ricky Simon","8","6","0.75","0.395","577","3.59","17","188.6","167","0.24","289","108"
"David Teymur","6","5","0.83","0.486","230","0.74","405","23.6","691","0.48","91","109"
"Matthew Riddle","6","4","0.67","0.442","393","3.18","28","380.7","11","0.00","552","110"
"Ryan Spann","6","5","0.83","0.445","382","0.57","467","147.7","268","0.32","202","111"
"Israel Adesanya","10","9","0.90","0.525","127","0.00","697","16.3","712","1.09","3","112"
"Gegard Mousasi","14","11","0.79","0.503","192","0.65","431","125.1","322","0.15","415","113"
"Geoff Neal","6","5","0.83","0.490","222","0.25","618","58.5","569","0.69","28","114"
"Sean O'Malley","5","4","0.80","0.578","53","1.13","277","20.1","699","0.10","484","115"
"Enrique Barzola","9","6","0.67","0.439","411","4.61","4","307.6","36","0.00","552","116"
"TJ Waldburger","8","4","0.50","0.584","45","2.17","90","211.1","125","0.20","336","117"
"Dan Ige","9","7","0.78","0.464","317","1.05","296","110.5","369","0.21","322","118"
"Michelle Waterson","10","6","0.60","0.598","37","1.54","177","157.7","246","0.00","552","119"
"Conor McGregor","13","10","0.77","0.488","228","0.38","544","57.7","574","0.99","8","120"
"Derek Brunson","18","13","0.72","0.441","399","1.33","230","149.3","264","0.28","246","121"
"Tatsuya Kawajiri","6","3","0.50","0.656","8","2.54","54","319.3","29","0.00","552","122"
"Ryan Bader","17","12","0.71","0.406","539","2.10","99","195.3","152","0.31","217","123"
"Rick Story","17","11","0.65","0.411","513","2.16","92","242.1","90","0.36","166","124"
"Dennis Bermudez","17","10","0.59","0.455","353","2.55","53","240.6","91","0.35","172","125"
"Tyron Woodley","15","10","0.67","0.502","195","0.37","553","96.3","421","0.71","26","126"
"Gillian Robertson","9","6","0.67","0.474","274","1.39","214","228.0","107","0.00","552","127"
"Rani Yahya","16","12","0.75","0.419","486","2.18","88","252.8","77","0.00","552","128"
"Merab Dvalishvili","7","5","0.71","0.392","590","7.43","1","386.5","10","0.14","441","129"
"Yair Rodriguez","9","8","0.89","0.442","397","1.08","287","89.5","445","0.22","308","130"
"Eryk Anders","9","5","0.56","0.521","136","1.39","211","136.5","290","0.59","57","131"
"Derrick Lewis","21","16","0.76","0.538","100","0.35","575","68.0","535","0.26","263","132"
"Charles Oliveira","27","19","0.70","0.518","141","1.15","274","92.7","434","0.13","445","133"
"Andrew Sanchez","9","5","0.56","0.482","246","2.28","75","282.5","49","0.27","253","134"
"Jan Blachowicz","17","12","0.71","0.499","202","0.76","392","84.8","464","0.30","219","135"
"Dominick Reyes","7","5","0.71","0.570","64","0.14","663","32.0","657","0.66","37","136"
"Rose Namajunas","10","7","0.70","0.429","450","1.65","145","166.7","212","0.23","299","137"
"Soa Palelei","7","4","0.57","0.617","19","1.36","218","221.1","118","0.00","552","138"
"Nik Lentz","22","13","0.59","0.501","197","2.92","39","250.4","79","0.09","506","139"
"Demian Maia","26","17","0.65","0.447","374","2.32","70","322.3","28","0.04","545","140"
"Ryan LaFlare","10","7","0.70","0.394","581","2.62","48","284.4","48","0.19","357","141"
"Zhang Weili","5","5","1.00","0.468","296","0.85","358","86.4","454","0.10","484","142"
"Mairbek Taisumov","10","8","0.80","0.420","484","1.44","197","77.2","492","0.35","171","143"
"Jacare Souza","15","9","0.60","0.518","142","0.93","337","169.7","202","0.19","355","143"
"Marcelo Guimaraes","5","3","0.60","0.569","67","0.80","380","238.6","93","0.00","552","145"
"Josh Samman","5","3","0.60","0.564","73","0.37","554","102.7","397","0.55","70","146"
"Alexandre Pantoja","10","7","0.70","0.467","301","0.70","418","147.0","270","0.27","256","147"
"Jairzinho Rozenstruik","7","5","0.71","0.596","38","0.00","697","5.9","734","0.75","17","148"
"Brandon Moreno","8","6","0.75","0.408","524","1.40","208","167.0","210","0.22","317","149"
"Francisco Trinaldo","22","16","0.73","0.472","279","0.76","394","128.8","314","0.18","373","150"
"Rafael Natal","16","9","0.56","0.476","265","2.20","86","197.2","149","0.30","218","151"
"Shane Burgos","8","6","0.75","0.477","261","0.37","564","42.7","626","0.80","12","152"
"Phil Davis","11","8","0.73","0.401","555","2.41","62","312.2","33","0.00","552","153"
"Kevin Lee","18","12","0.67","0.425","463","2.26","77","274.7","58","0.03","548","153"
"Johnny Walker","6","4","0.67","0.772","1","0.00","697","17.0","709","0.63","47","153"
"Marcin Tybura","13","8","0.62","0.500","201","1.26","251","209.5","127","0.08","523","156"
"Mauricio Rua","17","9","0.53","0.512","160","1.12","281","162.8","225","0.64","45","157"
"James Krause","13","9","0.69","0.488","229","0.64","437","141.2","282","0.17","385","158"
"Diego Brandao","10","6","0.60","0.469","290","1.52","183","113.2","364","0.35","176","159"
"Jordan Mein","10","6","0.60","0.503","193","1.08","288","78.2","488","0.45","111","160"
"Yan Cabral","5","2","0.40","0.529","117","2.27","76","386.8","9","0.37","146","161"
"Josh Barnett","5","3","0.60","0.640","10","0.27","613","159.5","240","0.19","360","162"
"Jacob Volkmann","8","6","0.75","0.381","625","2.35","67","353.5","20","0.00","552","163"
"Liz Carmouche","10","5","0.50","0.581","48","2.18","89","225.9","110","0.00","552","164"
"Cynthia Calvillo","8","6","0.75","0.432","437","1.40","206","169.8","201","0.00","552","165"
"Kelvin Gastelum","18","12","0.67","0.435","426","0.85","360","122.9","329","0.46","99","166"
"Belal Muhammad","12","9","0.75","0.418","492","1.76","132","174.1","192","0.00","552","167"
"Marvin Vettori","8","6","0.75","0.475","270","1.07","291","100.6","403","0.00","552","167"
"Jimy Hettes","6","3","0.50","0.524","130","4.00","10","261.0","70","0.00","552","169"
"Joanne Calderwood","12","7","0.58","0.485","234","1.30","237","180.2","179","0.25","277","170"
"Warlley Alves","14","9","0.64","0.475","269","0.84","363","161.0","232","0.20","341","171"
"Vinc Pichel","8","6","0.75","0.393","582","2.25","79","171.0","198","0.12","462","172"
"Cezar Ferreira","17","11","0.65","0.418","495","1.71","139","191.7","161","0.25","274","173"
"Jessica-Rose Clark","5","3","0.60","0.516","148","1.10","285","180.7","178","0.00","552","174"
"Donald Cerrone","35","23","0.66","0.483","241","0.71","410","65.2","545","0.57","64","175"
"Ali Bagautinov","8","4","0.50","0.442","396","2.50","55","248.0","83","0.50","84","176"
"Jonathan Martinez","7","4","0.57","0.510","166","0.53","489","162.2","227","0.45","105","177"
"Ricardo Lamas","18","12","0.67","0.465","310","0.97","326","127.1","318","0.17","390","178"
"Arnold Allen","7","7","1.00","0.354","679","1.31","234","128.2","315","0.24","286","179"
"Michael Chiesa","15","11","0.73","0.406","535","1.87","119","198.1","145","0.07","535","180"
"Hakeem Dawodu","6","5","0.83","0.575","56","0.00","697","35.6","649","0.13","451","181"
"Dominick Cruz","8","6","0.75","0.386","606","3.26","25","156.8","250","0.11","475","182"
"Kai Kara-France","7","5","0.71","0.410","515","0.41","532","174.1","191","0.49","88","183"
"Gunnar Nelson","14","8","0.57","0.618","17","1.07","293","145.5","276","0.07","531","184"
"Ed Herman","14","9","0.64","0.499","203","0.82","373","105.8","384","0.19","352","185"
"Claudia Gadelha","13","8","0.62","0.421","482","3.26","24","272.8","61","0.11","467","186"
"Michel Pereira","5","3","0.60","0.522","134","0.75","397","41.2","629","0.53","76","187"
"Carla Esparza","11","7","0.64","0.433","435","2.98","37","216.6","120","0.00","552","188"
"Rory MacDonald","13","9","0.69","0.438","413","1.81","125","152.8","259","0.06","539","189"
"Michael McDonald","9","6","0.67","0.430","444","1.22","257","72.1","510","0.52","80","190"
"Mirsad Bektic","10","6","0.60","0.415","505","2.00","106","308.2","35","0.19","349","191"
"Leonardo Santos","8","7","0.88","0.435","429","0.67","424","82.1","476","0.21","325","192"
"Song Kenan","6","4","0.67","0.574","57","0.00","697","8.1","731","0.56","66","193"
"Jack Hermansson","13","8","0.62","0.528","118","1.02","302","125.5","320","0.00","552","194"
"Chris Kelades","5","3","0.60","0.545","94","0.80","380","152.6","261","0.00","552","195"
"Zhang Lipeng","5","3","0.60","0.447","372","2.50","55","210.0","126","0.00","552","196"
"Stephen Thompson","15","11","0.73","0.461","333","0.32","586","63.2","555","0.65","43","197"
"CB Dollaway","15","8","0.53","0.476","266","2.13","96","203.7","138","0.23","303","198"
"Rustam Khabilov","13","10","0.77","0.381","624","3.30","22","157.8","244","0.08","523","199"
"Urijah Faber","18","11","0.61","0.442","398","1.48","192","164.6","221","0.24","294","199"
"Mickey Gall","8","5","0.63","0.485","236","0.54","481","96.1","422","0.37","157","201"
"Krzysztof Jotko","15","10","0.67","0.441","403","0.94","333","166.8","211","0.16","403","201"
"Thales Leites","15","9","0.60","0.421","481","1.84","122","255.0","75","0.18","371","203"
"Rousimar Palhares","8","5","0.63","0.494","214","0.98","320","124.7","323","0.12","462","204"
"Mark Bocek","7","4","0.57","0.458","345","2.90","41","371.3","14","0.00","552","205"
"Germaine de Randamie","9","7","0.78","0.508","176","0.00","697","71.3","511","0.19","353","206"
"Paige VanZant","9","5","0.56","0.513","155","1.21","259","250.9","78","0.10","482","207"
"Tom Breese","8","5","0.63","0.542","97","0.00","697","64.3","547","0.54","72","208"
"Chris Gutierrez","5","4","0.80","0.551","86","0.22","633","30.2","663","0.10","484","209"
"Shawn Jordan","10","6","0.60","0.516","149","0.61","448","105.8","385","0.22","310","210"
"Darren Till","9","6","0.67","0.467","303","0.47","507","59.9","562","0.52","82","211"
"Robert Peralta","8","5","0.63","0.472","277","0.57","470","74.1","501","0.57","63","212"
"Cub Swanson","20","13","0.65","0.490","223","0.65","430","59.8","563","0.34","186","213"
"Raquel Pennington","13","8","0.62","0.481","249","1.01","306","184.8","172","0.00","552","214"
"Iuri Alcantara","18","11","0.61","0.471","284","1.21","262","109.7","372","0.22","313","215"
"Nikita Krylov","14","8","0.57","0.603","27","0.41","529","120.8","336","0.21","321","216"
"Misha Cirkunov","10","6","0.60","0.561","77","1.33","231","70.8","514","0.00","552","217"
"Mark Munoz","13","7","0.54","0.517","145","1.48","190","162.0","228","0.15","410","218"
"Andrea Lee","6","3","0.50","0.531","112","1.49","189","226.8","108","0.00","552","219"
"Manny Bermudez","5","3","0.60","0.511","165","0.83","370","98.0","414","0.17","378","220"
"Marlon Vera","16","10","0.63","0.481","252","0.59","459","92.3","435","0.31","216","221"
"Matt Brown","21","11","0.52","0.546","92","1.04","299","96.9","420","0.35","170","222"
"Clint Hester","8","5","0.63","0.433","433","0.68","420","109.1","374","0.73","20","223"
"Ricardo Ramos","7","5","0.71","0.416","497","1.01","303","64.1","550","0.42","123","224"
"Poliana Botelho","5","3","0.60","0.599","34","0.57","463","63.6","551","0.17","378","225"
"Bobby Green","14","8","0.57","0.516","146","1.12","279","141.7","280","0.12","457","225"
"Jose Aldo","17","11","0.65","0.429","448","1.00","311","132.0","305","0.29","229","227"
"Dustin Ortiz","14","8","0.57","0.443","388","2.42","61","265.3","65","0.10","493","228"
"Rob Font","11","8","0.73","0.431","441","0.63","440","56.1","582","0.53","75","229"
"Nasrat Haqparast","7","5","0.71","0.455","352","0.28","606","51.4","596","0.68","31","230"
"Tai Tuivasa","8","5","0.63","0.527","120","0.00","697","66.6","539","0.43","118","231"
"Alan Jouban","13","8","0.62","0.524","131","0.26","614","35.7","648","0.72","21","232"
"Brad Tavares","19","13","0.68","0.426","461","0.98","317","165.2","217","0.15","429","233"
"Tecia Torres","13","8","0.62","0.480","254","0.61","449","165.1","219","0.15","413","234"
"Joseph Benavidez","21","15","0.71","0.376","632","1.36","219","125.6","319","0.28","245","235"
"Cathal Pendred","7","5","0.71","0.396","570","2.32","71","148.9","265","0.00","552","236"
"Johnny Case","6","4","0.67","0.355","678","1.29","239","152.4","262","0.45","109","237"
"Omari Akhmedov","13","9","0.69","0.388","598","1.60","156","129.2","312","0.22","307","238"
"Mike Brown","5","2","0.40","0.620","16","2.26","78","280.6","51","0.00","552","239"
"Trevor Smith","12","5","0.42","0.610","22","1.30","235","280.9","50","0.15","412","240"
"Luke Rockhold","10","6","0.60","0.549","89","0.43","521","78.9","485","0.20","342","240"
"Karl Roberson","7","4","0.57","0.617","20","0.62","443","108.2","379","0.12","454","242"
"Cat Zingano","7","3","0.43","0.673","7","1.50","185","265.2","66","0.00","552","243"
"Ian Heinisch","6","3","0.50","0.534","110","0.85","356","93.0","432","0.40","130","244"
"Augusto Sakai","5","4","0.80","0.468","298","0.37","555","58.1","573","0.15","417","245"
"Dan Hooker","17","11","0.65","0.468","293","0.34","579","89.7","443","0.40","136","246"
"Richard Walsh","6","2","0.33","0.543","95","1.70","142","277.4","55","0.40","138","247"
"Francis Carmont","11","6","0.55","0.464","320","1.60","159","228.9","106","0.18","366","248"
"Jose Quinonez","9","5","0.56","0.443","390","1.90","116","162.2","226","0.30","224","249"
"John Maguire","5","2","0.40","0.569","65","2.93","38","290.8","44","0.00","552","250"
"Aleksei Oleinik","15","9","0.60","0.491","219","0.87","350","112.2","365","0.13","449","250"
"Antonina Shevchenko","5","3","0.60","0.509","174","0.75","397","136.1","291","0.00","552","252"
"Li Jingliang","14","9","0.64","0.424","471","1.06","294","81.4","478","0.46","102","253"
"Ketlen Vieira","7","5","0.71","0.345","693","1.79","128","276.5","56","0.00","552","254"
"Sara McMann","12","6","0.50","0.489","225","1.64","148","237.1","97","0.08","515","255"
"Frankie Saenz","10","5","0.50","0.476","264","1.79","127","181.8","177","0.17","392","256"
"Cyrille Diabate","8","4","0.50","0.739","3","0.53","485","64.9","546","0.46","100","256"
"Danny Castillo","14","7","0.50","0.456","350","2.40","63","274.8","57","0.14","439","258"
"Randy Brown","10","6","0.60","0.468","295","0.63","438","161.3","231","0.17","386","259"
"Sean Strickland","13","10","0.77","0.394","579","0.98","318","98.4","410","0.21","324","260"
"Justin Scoggins","10","4","0.40","0.574","60","2.67","46","250.3","80","0.05","543","261"
"Ryan Jimmo","7","3","0.43","0.738","4","0.24","630","170.6","199","0.66","38","262"
"Josh Emmett","9","7","0.78","0.362","663","0.99","315","48.1","607","0.77","14","263"
"Antonio Carlos Junior","12","7","0.58","0.437","419","2.29","74","261.6","69","0.00","552","264"
"Marcos Rogerio de Lima","13","7","0.54","0.621","15","0.20","637","90.2","440","0.46","101","265"
"Maycee Barber","5","3","0.60","0.600","33","0.37","555","97.1","417","0.00","552","266"
"Song Yadong","6","5","0.83","0.374","637","0.37","563","85.8","461","0.51","83","267"
"Tim Boetsch","20","10","0.50","0.516","150","1.01","305","93.4","430","0.32","206","268"
"Abel Trujillo","10","6","0.60","0.431","442","1.27","249","94.3","429","0.34","179","269"
"Tom Lawlor","8","4","0.50","0.443","387","1.39","212","222.0","117","0.30","220","270"
"Justin Gaethje","8","5","0.63","0.582","47","0.00","697","15.6","714","0.32","204","271"
"Nathaniel Wood","6","4","0.67","0.433","434","0.81","375","114.3","357","0.15","406","272"
"Francimar Barroso","8","4","0.50","0.509","175","1.81","126","160.6","236","0.00","552","273"
"Darren Elkins","22","15","0.68","0.343","698","1.90","115","247.2","86","0.09","503","274"
"Kyle Noke","12","6","0.50","0.550","88","0.81","376","80.6","480","0.32","207","275"
"Robert Whittaker","17","14","0.82","0.406","541","0.30","597","50.4","598","0.58","60","276"
"Matt Wiman","10","5","0.50","0.501","198","1.34","226","222.1","115","0.01","549","277"
"Tyson Pedro","6","3","0.50","0.598","36","0.64","435","92.9","433","0.24","293","278"
"Chael Sonnen","7","3","0.43","0.495","211","3.08","34","524.7","2","0.00","552","279"
"Tony Ferguson","18","15","0.83","0.436","425","0.44","519","28.8","670","0.22","311","280"
"Frankie Edgar","20","12","0.60","0.394","578","2.12","97","200.1","141","0.15","426","281"
"Alan Belcher","5","3","0.60","0.485","235","0.20","639","111.2","367","0.29","230","282"
"Myles Jury","12","8","0.67","0.388","602","1.28","243","157.4","249","0.17","395","283"
"Davey Grant","7","4","0.57","0.491","218","1.19","268","138.9","288","0.07","526","284"
"Zubaira Tukhugov","7","5","0.71","0.393","583","2.12","98","30.4","661","0.25","268","285"
"Miesha Tate","9","5","0.56","0.468","297","1.25","252","233.1","100","0.10","494","286"
"Abdul Razak Alhassan","8","5","0.63","0.484","239","0.18","648","24.0","689","1.06","6","287"
"Muslim Salikhov","5","4","0.80","0.441","400","0.30","598","6.8","733","0.33","190","288"
"Siyar Bahadurzada","8","4","0.50","0.483","244","0.76","395","97.7","415","0.67","35","288"
"Johnny Bedford","6","2","0.33","0.524","128","1.34","225","198.4","144","0.57","61","290"
"Philip De Fries","5","2","0.40","0.517","144","1.53","179","307.1","37","0.15","417","291"
"Max Holloway","26","20","0.77","0.439","408","0.19","645","43.8","624","0.34","183","292"
"Kajan Johnson","7","4","0.57","0.430","445","1.76","133","119.1","341","0.26","265","293"
"Dongi Yang","5","2","0.40","0.518","143","1.55","172","141.0","283","0.33","190","293"
"John Lineker","16","12","0.75","0.407","531","0.37","568","37.5","640","0.68","30","295"
"Daniel Omielanczuk","9","4","0.44","0.654","9","0.65","433","103.9","391","0.33","189","296"
"Norman Parke","8","5","0.63","0.373","638","2.22","82","262.5","68","0.00","552","297"
"Paddy Holohan","6","3","0.50","0.432","436","0.90","345","224.6","113","0.48","91","298"
"Sean Pierson","6","4","0.67","0.402","554","0.45","517","134.7","295","0.32","197","299"
"Matt Mitrione","13","8","0.62","0.500","200","0.00","697","34.3","653","0.67","36","300"
"Lina Lansberg","8","4","0.50","0.582","46","0.46","513","198.1","146","0.00","552","301"
"Thiago Santos","21","13","0.62","0.457","348","0.37","565","69.8","524","0.58","58","302"
"Paul Craig","10","6","0.60","0.505","187","0.86","353","79.8","483","0.04","546","303"
"Patrick Cummins","13","6","0.46","0.498","206","2.58","51","208.2","129","0.00","552","304"
"Luis Pena","7","4","0.57","0.426","462","0.79","388","224.6","112","0.28","239","305"
"Sabina Mazo","5","3","0.60","0.467","302","0.70","413","133.1","304","0.10","484","306"
"Stevie Ray","12","8","0.67","0.472","278","0.40","534","84.8","463","0.09","501","307"
"Reza Madadi","7","3","0.43","0.569","68","2.17","91","147.8","267","0.00","552","308"
"James Te Huna","10","4","0.40","0.509","172","1.62","154","197.9","147","0.20","335","309"
"Thiago Moises","6","4","0.67","0.454","354","0.79","386","86.3","455","0.00","552","310"
"Takeya Mizugaki","14","8","0.57","0.408","526","1.42","202","197.5","148","0.21","323","311"
"Sergio Moraes","14","9","0.64","0.449","368","0.82","372","118.7","342","0.05","541","312"
"Adriano Martins","7","4","0.57","0.490","220","0.66","427","83.8","469","0.24","291","313"
"Raphael Assuncao","17","12","0.71","0.427","458","0.98","321","73.5","503","0.12","466","314"
"Charlie Brenneman","11","4","0.36","0.577","55","2.35","68","312.1","34","0.00","552","315"
"Francis Ngannou","12","10","0.83","0.419","489","0.00","697","13.9","719","0.45","112","316"
"Gavin Tucker","6","4","0.67","0.402","553","1.76","131","97.1","418","0.00","552","317"
"Robbie Lawler","15","9","0.60","0.462","328","0.40","540","70.6","515","0.36","167","318"
"Edson Barboza","24","15","0.63","0.444","385","0.41","533","48.1","609","0.52","81","319"
"Ramsey Nijem","10","5","0.50","0.416","501","2.19","87","181.9","176","0.25","279","320"
"Thiago Tavares","10","6","0.60","0.401","558","1.87","120","179.0","182","0.00","552","321"
"Livinha Souza","5","3","0.60","0.463","327","1.47","193","76.2","495","0.00","552","322"
"Brendan Schaub","10","6","0.60","0.389","595","0.96","331","122.2","330","0.40","137","323"
"Yan Xiaonan","6","6","1.00","0.423","476","0.54","480","40.4","630","0.00","552","324"
"Mike Perry","14","7","0.50","0.492","217","0.39","542","78.5","487","0.75","19","325"
"Shamil Abdurakhimov","8","5","0.63","0.441","401","0.78","391","85.9","458","0.17","388","326"
"Albert Tumenov","9","6","0.67","0.423","473","0.28","609","40.0","631","0.64","44","327"
"Brian Stann","7","4","0.57","0.463","325","0.00","697","108.3","377","0.79","13","328"
"Alexander Hernandez","7","4","0.57","0.452","362","0.88","349","72.6","507","0.35","174","329"
"Mackenzie Dern","6","5","0.83","0.368","650","0.32","587","123.5","328","0.15","406","330"
"Justine Kish","6","3","0.50","0.509","173","1.21","260","124.1","325","0.00","552","331"
"Tim Means","22","13","0.59","0.471","282","0.57","471","59.4","565","0.36","162","331"
"Dominique Steele","5","1","0.20","0.630","12","1.60","158","143.2","277","0.33","190","333"
"Luis Henrique","7","3","0.43","0.483","245","1.62","153","297.9","41","0.00","552","334"
"Colton Smith","5","1","0.20","0.512","162","3.20","27","337.2","24","0.20","339","335"
"John Howard","11","4","0.36","0.527","122","1.96","113","191.4","163","0.18","377","336"
"Santiago Ponzinibbio","12","9","0.75","0.385","609","0.27","612","32.4","656","0.71","24","336"
"Jimi Manuwa","12","6","0.50","0.565","71","0.25","625","70.5","519","0.32","195","338"
"Brian Ortega","8","7","0.88","0.357","674","0.37","560","50.2","600","0.34","184","339"
"Al Iaquinta","14","9","0.64","0.419","491","0.57","468","47.0","615","0.49","87","340"
"Louis Smolka","15","8","0.53","0.465","313","0.99","314","178.3","185","0.12","465","341"
"Chan Sung Jung","9","6","0.67","0.381","621","0.66","425","78.1","489","0.35","173","342"
"Zak Cummings","14","10","0.71","0.329","712","0.71","411","102.8","396","0.29","232","343"
"Chico Camus","7","3","0.43","0.511","164","0.98","323","287.4","46","0.00","552","344"
"Anthony Smith","15","9","0.60","0.472","276","0.31","590","37.2","644","0.33","188","345"
"Marc Diakiese","8","5","0.63","0.384","613","1.55","174","111.4","366","0.15","411","345"
"Max Griffin","11","5","0.45","0.470","288","1.23","254","114.8","355","0.36","164","347"
"Calvin Kattar","9","6","0.67","0.423","475","0.50","498","14.4","718","0.40","131","348"
"Dooho Choi","6","3","0.50","0.605","26","0.13","669","12.5","725","0.63","47","349"
"Paul Felder","16","10","0.63","0.454","356","0.25","626","100.0","405","0.19","362","350"
"Peter Sobotta","10","5","0.50","0.393","584","1.38","217","238.4","95","0.31","211","351"
"Lauren Murphy","10","6","0.60","0.419","488","0.84","362","165.8","215","0.09","507","352"
"Diego Ferreira","12","9","0.75","0.407","529","0.45","516","62.9","557","0.16","396","353"
"Uriah Hall","17","9","0.53","0.524","129","0.54","482","48.1","608","0.31","212","354"
"Bryan Barberena","11","6","0.55","0.493","215","0.18","647","78.0","490","0.58","59","354"
"Dennis Siver","14","9","0.64","0.322","715","0.79","387","131.4","307","0.38","144","356"
"Mitch Gagnon","9","5","0.56","0.464","321","0.84","361","120.0","338","0.18","375","357"
"Montana De La Rosa","6","4","0.67","0.344","696","1.00","307","175.6","190","0.08","511","358"
"Sijara Eubanks","8","4","0.50","0.418","496","1.72","138","238.5","94","0.12","458","359"
"Yushin Okami","12","7","0.58","0.382","620","1.10","286","237.8","96","0.21","333","360"
"Curtis Millender","5","3","0.60","0.464","316","0.17","649","11.5","727","0.75","17","361"
"Anderson Silva","14","7","0.50","0.563","75","0.09","681","23.5","692","0.71","25","362"
"Jimmie Rivera","11","7","0.64","0.427","460","0.54","479","44.4","623","0.36","165","363"
"Joanna Jedrzejczyk","14","10","0.71","0.446","377","0.25","627","72.7","505","0.07","531","364"
"Roland Delorme","7","3","0.43","0.454","357","1.64","146","119.6","339","0.36","169","365"
"Tom Niinimaki","6","1","0.17","0.618","18","2.58","50","335.4","25","0.00","552","366"
"Cody Garbrandt","10","7","0.70","0.371","642","0.59","457","16.6","710","1.07","5","367"
"Dylan Andrews","5","2","0.40","0.608","23","0.85","358","45.1","620","0.37","146","368"
"Leandro Silva","7","3","0.43","0.534","107","1.27","246","134.5","296","0.00","552","369"
"Junior Dos Santos","19","11","0.58","0.481","247","0.26","615","22.2","695","0.61","52","369"
"Chas Skelly","12","8","0.67","0.367","655","0.83","367","154.7","254","0.08","515","371"
"John Makdessi","17","10","0.59","0.512","157","0.00","697","13.6","721","0.40","132","372"
"Diego Nunes","6","3","0.50","0.468","299","0.56","473","100.8","402","0.32","202","373"
"Patrick Cote","12","6","0.50","0.473","275","0.65","428","134.0","301","0.17","391","374"
"Ildemar Alcantara","7","4","0.57","0.416","502","1.99","109","134.9","294","0.00","552","375"
"Roosevelt Roberts","7","4","0.57","0.465","309","0.65","429","134.4","297","0.00","552","376"
"Pedro Munhoz","16","11","0.69","0.412","508","0.41","530","35.2","651","0.29","227","377"
"Tanner Boser","5","3","0.60","0.558","78","0.00","697","0.8","742","0.15","417","378"
"Chad Laprise","11","7","0.64","0.424","466","0.51","495","63.5","553","0.25","268","378"
"Mike Pyle","17","9","0.53","0.459","339","0.99","312","91.9","436","0.24","290","380"
"Marco Beltran","5","3","0.60","0.428","456","0.52","490","140.9","284","0.12","455","381"
"Alexander Gustafsson","16","9","0.56","0.388","603","1.13","275","108.8","376","0.61","53","381"
"Kiichi Kunimoto","5","3","0.60","0.460","337","0.43","525","114.9","354","0.00","552","383"
"Keita Nakamura","8","4","0.50","0.357","671","1.98","110","156.1","251","0.43","117","384"
"Kenny Robertson","9","4","0.44","0.514","152","0.72","408","152.7","260","0.14","438","385"
"Wilson Reis","14","8","0.57","0.318","718","3.69","14","278.2","54","0.00","552","386"
"Vladimir Matyushenko","6","3","0.50","0.444","386","1.56","170","117.3","343","0.13","451","387"
"Rich Attonito","5","3","0.60","0.404","548","0.47","504","116.2","345","0.27","248","388"
"Alexis Davis","12","7","0.58","0.439","412","0.55","478","212.9","124","0.00","552","389"
"Nina Ansaroff","7","4","0.57","0.488","226","0.27","610","140.5","286","0.00","552","390"
"Ben Rothwell","14","8","0.57","0.435","428","0.54","483","109.1","373","0.27","259","391"
"Elizeu Zaleski dos Santos","11","8","0.73","0.405","543","0.35","573","68.9","531","0.17","384","392"
"Jake Shields","7","4","0.57","0.369","647","1.63","149","280.6","52","0.00","552","393"
"Oskar Piechota","6","2","0.33","0.563","74","0.47","505","115.1","353","0.63","47","394"
"Tim Elliott","15","6","0.40","0.469","292","2.86","42","172.6","195","0.07","535","395"
"Alex Caceres","23","13","0.57","0.486","232","0.42","527","84.3","467","0.16","398","396"
"Caio Magalhaes","7","4","0.57","0.412","510","0.70","412","131.2","308","0.23","297","397"
"Michael Bisping","19","13","0.68","0.369","645","0.79","384","55.6","585","0.25","278","398"
"Daniel Kelly","10","6","0.60","0.411","512","1.17","273","105.6","387","0.00","552","399"
"Thomas Almeida","10","6","0.60","0.479","257","0.00","697","3.3","741","0.32","205","400"
"Serghei Spivac","5","3","0.60","0.421","483","1.35","222","74.9","498","0.00","552","401"
"Darren Stewart","10","5","0.50","0.464","315","0.86","352","85.8","459","0.20","343","402"
"Jason Saggo","7","3","0.43","0.442","395","1.75","134","190.7","165","0.13","446","403"
"Tarec Saffiedine","7","2","0.29","0.507","180","0.56","474","176.7","189","1.26","1","404"
"Anthony Perosh","9","5","0.56","0.462","331","0.80","379","84.0","468","0.16","402","405"
"Magomed Mustafaev","6","3","0.50","0.537","101","0.00","697","43.3","625","0.31","213","406"
"Jonathan Brookins","5","2","0.40","0.458","346","1.55","172","318.3","30","0.00","552","407"
"Martin Kampmann","8","4","0.50","0.401","557","0.75","401","164.9","220","0.36","168","407"
"Renato Moicano","10","6","0.60","0.460","336","0.74","406","31.0","658","0.09","499","409"
"Sergio Pettis","14","9","0.64","0.397","564","0.96","327","85.8","460","0.07","531","410"
"Andre Fili","16","9","0.56","0.383","619","1.79","129","100.4","404","0.24","287","411"
"Felice Herrig","9","5","0.56","0.424","465","0.91","341","190.9","164","0.00","552","412"
"John Moraga","14","8","0.57","0.437","416","0.48","503","99.8","406","0.20","345","413"
"Jalin Turner","5","3","0.60","0.479","256","0.00","697","38.3","636","0.17","378","414"
"Mark Eddiva","5","1","0.20","0.508","177","2.20","84","359.9","19","0.00","552","415"
"Gerald Meerschaert","12","6","0.50","0.445","381","1.12","278","103.8","393","0.14","435","416"
"Travis Browne","16","9","0.56","0.440","404","0.62","444","69.2","530","0.31","215","417"
"Nate Marquardt","15","6","0.40","0.501","199","0.83","364","102.4","398","0.25","267","418"
"Daron Cruickshank","13","7","0.54","0.392","588","1.22","256","96.0","423","0.42","124","419"
"Shinsho Anzai","5","2","0.40","0.635","11","0.75","397","101.3","401","0.00","552","420"
"Jared Cannonier","11","6","0.55","0.522","135","0.09","682","28.5","671","0.28","235","421"
"Riki Fukuda","5","2","0.40","0.442","394","3.07","35","206.5","130","0.00","552","422"
"Renan Barao","17","9","0.53","0.380","627","1.59","161","142.5","278","0.23","295","423"
"Alex Garcia","11","5","0.45","0.355","677","2.59","49","155.7","252","0.45","108","424"
"Erick Silva","15","7","0.47","0.536","105","0.39","543","60.0","561","0.25","276","425"
"Michinori Tanaka","5","2","0.40","0.430","443","2.20","84","371.7","13","0.00","552","426"
"Eddie Alvarez","7","4","0.57","0.408","527","1.40","210","109.8","371","0.07","526","427"
"Clay Guida","20","11","0.55","0.318","717","1.74","135","246.5","88","0.15","416","428"
"Lyman Good","6","3","0.50","0.499","204","0.15","656","15.7","713","0.55","68","429"
"Gleison Tibau","18","10","0.56","0.332","711","2.90","40","179.4","180","0.11","472","430"
"Ben Nguyen","7","4","0.57","0.440","406","0.11","678","47.7","611","0.69","27","431"
"Felipe Arantes","11","5","0.45","0.490","221","0.81","377","131.9","306","0.09","504","432"
"Timothy Johnson","8","4","0.50","0.411","514","0.94","335","219.7","119","0.11","475","433"
"Robert Whiteford","5","2","0.40","0.506","185","0.97","324","113.3","363","0.15","417","434"
"Jussier Formiga","16","9","0.56","0.378","629","1.29","238","183.7","174","0.12","459","435"
"John Dodson","17","10","0.59","0.405","544","0.61","446","36.4","646","0.66","40","436"
"Daniel Pineda","9","4","0.44","0.527","121","0.68","422","83.7","470","0.11","473","437"
"Ovince Saint Preux","23","13","0.57","0.448","370","0.59","456","73.9","502","0.18","364","438"
"Fabio Maldonado","12","5","0.42","0.608","24","0.30","595","94.6","428","0.17","394","439"
"Kyle Kingsbury","7","3","0.43","0.424","469","2.36","66","157.7","247","0.14","441","440"
"Luke Sanders","7","3","0.43","0.523","132","0.14","664","61.6","558","0.48","94","441"
"David Branch","9","4","0.44","0.432","438","1.35","224","225.0","111","0.08","511","441"
"Angela Hill","17","8","0.47","0.511","163","0.34","577","87.2","451","0.22","314","443"
"Nico Musoke","8","4","0.50","0.406","533","1.10","284","223.6","114","0.00","552","444"
"Hacran Dias","9","3","0.33","0.453","360","2.80","43","296.1","42","0.00","552","445"
"Bryan Caraway","11","6","0.55","0.354","682","2.08","100","215.8","121","0.00","552","446"
"Zach Makovsky","7","3","0.43","0.409","519","3.55","19","204.5","136","0.00","552","447"
"Jeremy Stephens","25","11","0.44","0.413","507","0.97","325","113.9","359","0.64","46","448"
"Kevin Souza","5","4","0.80","0.408","525","0.00","697","0.2","745","0.10","484","449"
"Alexa Grasso","8","5","0.63","0.434","432","0.31","593","77.7","491","0.00","552","450"
"Matthew Lopez","6","2","0.33","0.506","181","1.63","152","157.6","248","0.00","552","451"
"Volkan Oezdemir","9","5","0.56","0.464","324","0.20","638","63.5","552","0.28","244","452"
"Anthony Pettis","20","11","0.55","0.465","312","0.40","537","68.3","533","0.20","346","453"
"Ning Guangyou","5","3","0.60","0.388","597","1.00","307","94.6","427","0.00","552","454"
"Katsunori Kikuno","5","2","0.40","0.459","338","1.27","244","199.1","143","0.00","552","455"
"Lyoto Machida","16","8","0.50","0.454","355","0.36","571","54.2","588","0.39","140","456"
"Andy Ogle","7","1","0.14","0.471","281","1.17","271","369.9","15","0.29","228","457"
"James Vick","15","10","0.67","0.397","567","0.13","668","29.0","669","0.26","266","458"
"Jake Ellenberger","19","9","0.47","0.391","592","1.20","264","106.9","382","0.57","62","459"
"Rocco Martin","16","9","0.56","0.390","593","0.62","442","205.1","133","0.12","460","460"
"Mark Hunt","16","8","0.50","0.424","467","0.47","508","69.6","526","0.47","98","461"
"Mac Danzig","7","2","0.29","0.507","179","1.21","261","153.2","258","0.18","367","462"
"Hector Lombard","11","3","0.27","0.466","305","1.24","253","129.4","311","0.54","71","463"
"Gabriel Gonzaga","12","5","0.42","0.481","250","0.86","355","69.2","529","0.27","254","464"
"Costas Philippou","10","6","0.60","0.379","628","0.30","601","58.5","571","0.45","107","465"
"Yves Jabouin","10","5","0.50","0.423","472","0.92","338","131.0","309","0.10","492","465"
"Hatsu Hioki","9","3","0.33","0.453","359","1.98","111","278.3","53","0.00","552","467"
"Vitor Belfort","13","7","0.54","0.468","294","0.01","696","17.8","705","0.52","79","468"
"Guido Cannetti","6","2","0.33","0.513","156","1.39","215","134.2","299","0.00","552","469"
"Bethe Correia","10","5","0.50","0.470","287","0.38","545","110.7","368","0.00","552","470"
"Maurice Greene","7","4","0.57","0.470","289","0.00","697","13.2","722","0.27","257","471"
"Desmond Green","7","4","0.57","0.445","383","0.89","347","34.7","652","0.07","526","472"
"Danny Roberts","10","6","0.60","0.425","464","0.00","697","68.0","534","0.19","349","473"
"Julian Erosa","7","3","0.43","0.489","224","0.92","339","98.2","413","0.00","552","474"
"Molly McCann","6","3","0.50","0.457","349","1.23","255","50.7","597","0.00","552","475"
"Mike Wilkinson","5","3","0.60","0.353","683","0.70","413","115.6","351","0.10","484","476"
"Melvin Guillard","11","6","0.55","0.437","417","0.25","617","24.3","687","0.62","51","477"
"Nate Diaz","16","9","0.56","0.429","451","0.42","526","90.6","438","0.16","405","478"
"Drew Dober","16","9","0.56","0.389","596","0.43","522","108.9","375","0.29","231","479"
"Juliana Lima","7","3","0.43","0.406","536","1.32","232","304.5","39","0.00","552","480"
"Scott Askham","7","2","0.29","0.603","28","0.11","678","72.3","508","0.65","42","481"
"Rick Glenn","6","3","0.50","0.422","480","0.58","460","129.2","313","0.14","431","482"
"Igor Pokrajac","10","4","0.40","0.456","351","0.62","445","89.2","446","0.38","143","483"
"Justin Edwards","7","2","0.29","0.462","329","2.24","80","169.6","204","0.13","446","484"
"Niko Price","10","6","0.60","0.349","688","0.39","541","51.7","595","0.41","128","485"
"Pablo Garza","6","3","0.50","0.461","332","0.17","653","47.5","613","0.32","197","486"
"Maximo Blanco","10","5","0.50","0.405","545","1.19","267","86.9","452","0.17","392","487"
"Pannie Kianzad","5","3","0.60","0.450","365","0.17","649","41.4","628","0.00","552","488"
"Alex Morono","11","7","0.64","0.392","586","0.14","666","37.5","641","0.26","264","489"
"Jake Collier","8","4","0.50","0.405","542","0.61","447","99.7","407","0.24","292","490"
"Polyana Viana","6","3","0.50","0.475","268","0.60","450","49.3","604","0.00","552","491"
"Davi Ramos","7","4","0.57","0.383","617","1.27","247","90.9","437","0.00","552","492"
"Stefan Struve","20","10","0.50","0.474","271","0.31","592","52.5","592","0.15","427","493"
"Sam Alvey","19","10","0.53","0.462","330","0.05","693","29.9","665","0.36","163","494"
"Ian McCall","5","2","0.40","0.416","503","2.36","65","163.3","224","0.00","552","495"
"Anthony Hamilton","11","3","0.27","0.629","14","0.80","383","108.2","378","0.08","510","496"
"Mike Rodriguez","6","2","0.33","0.578","52","0.00","697","61.1","560","0.45","110","497"
"Russell Doane","8","3","0.38","0.428","453","1.21","258","206.1","131","0.18","372","498"
"Matt Hamill","6","3","0.50","0.398","563","1.40","207","99.3","409","0.08","519","498"
"Justin Salas","7","3","0.43","0.441","402","1.53","180","84.7","466","0.11","479","500"
"Garreth McLellan","5","1","0.20","0.602","29","0.55","476","165.2","218","0.00","552","501"
"Mike Massenzio","5","1","0.20","0.464","323","1.63","150","154.0","256","0.19","351","502"
"Pat Barry","9","3","0.33","0.562","76","0.00","697","38.1","637","0.85","10","503"
"Chris Cariaso","13","7","0.54","0.432","440","0.75","402","90.5","439","0.00","552","504"
"Greg Hardy","7","4","0.57","0.471","280","0.07","690","39.1","633","0.07","526","505"
"Holly Holm","12","7","0.58","0.349","685","0.46","514","140.7","285","0.16","396","506"
"Jim Miller","29","16","0.55","0.411","511","0.83","369","90.1","441","0.09","509","507"
"Amir Sadollah","7","3","0.43","0.465","311","0.66","426","122.1","331","0.00","552","508"
"Christos Giagos","8","4","0.50","0.372","641","1.36","220","145.5","275","0.00","552","509"
"Frank Mir","12","5","0.42","0.435","430","0.73","407","83.0","472","0.37","159","510"
"Alessio Di Chirico","9","4","0.44","0.418","493","1.38","216","70.0","521","0.22","315","511"
"Nicolas Dalby","6","3","0.50","0.380","626","1.42","204","125.2","321","0.00","552","512"
"JJ Aldrich","8","5","0.63","0.396","571","0.21","634","81.8","477","0.00","552","513"
"Andrew Holbrook","5","2","0.40","0.531","114","0.30","598","102.1","399","0.00","552","514"
"James Head","5","2","0.40","0.502","194","0.15","658","47.6","612","0.37","146","515"
"Joe Lauzon","20","10","0.50","0.381","623","1.20","265","119.3","340","0.10","483","516"
"Tor Troeng","5","1","0.20","0.554","82","0.60","452","170.4","200","0.00","552","517"
"Ilir Latifi","14","7","0.50","0.384","614","0.87","351","72.2","509","0.27","247","518"
"Alex Chambers","5","1","0.20","0.595","39","1.13","276","88.4","448","0.00","552","518"
"Andre Soukhamthath","7","2","0.29","0.438","415","0.89","347","114.1","358","0.76","15","520"
"Yuta Sasaki","10","5","0.50","0.437","418","1.01","304","52.2","593","0.00","552","521"
"Nick Ring","6","3","0.50","0.409","521","0.78","389","116.2","346","0.00","552","522"
"Court McGee","17","8","0.47","0.358","666","1.74","136","169.6","203","0.10","496","523"
"Piotr Hallmann","6","2","0.33","0.457","347","1.86","121","135.6","293","0.00","552","524"
"Efrain Escudero","9","3","0.33","0.422","479","0.75","400","153.9","257","0.48","90","525"
"Randa Markos","15","6","0.40","0.428","452","1.07","289","179.1","181","0.00","552","526"
"Eric Shelton","6","2","0.33","0.428","454","2.76","44","173.1","194","0.00","552","527"
"Andre Ewell","7","4","0.57","0.408","523","0.28","606","30.9","659","0.28","239","528"
"Alejandro Perez","10","7","0.70","0.344","697","0.43","523","39.2","632","0.00","552","529"
"Dave Herman","5","1","0.20","0.580","49","0.57","463","23.8","690","0.37","146","529"
"Cody Gibson","5","2","0.40","0.356","675","2.30","73","121.9","332","0.25","268","531"
"Diego Sanchez","19","9","0.47","0.390","594","0.94","332","189.0","166","0.09","500","532"
"Roy Nelson","18","8","0.44","0.357","669","0.78","390","113.9","360","0.52","78","533"
"Manvel Gamburyan","10","4","0.40","0.388","604","2.31","72","159.2","241","0.10","484","534"
"Nick Hein","9","5","0.56","0.376","631","0.74","404","70.4","520","0.22","316","535"
"Brandon Thatch","6","2","0.33","0.477","260","0.70","419","15.3","715","0.80","11","536"
"Carlos Condit","16","8","0.50","0.387","605","0.43","524","76.6","494","0.34","180","537"
"Maryna Moroz","7","5","0.71","0.306","725","0.17","652","62.9","556","0.00","552","538"
"Evan Dunham","17","8","0.47","0.384","612","1.42","203","157.7","245","0.06","538","539"
"Alex White","10","4","0.40","0.445","380","0.58","462","35.5","650","0.48","89","540"
"Gabriel Benitez","10","6","0.60","0.407","528","0.09","684","21.7","697","0.19","363","541"
"Chris Beal","5","2","0.40","0.363","662","1.03","300","136.1","292","0.37","146","542"
"Junior Albini","5","1","0.20","0.547","91","0.35","576","58.9","568","0.37","146","543"
"Hugo Viana","6","3","0.50","0.419","490","0.00","697","30.2","662","0.59","56","544"
"Eric Spicely","6","2","0.33","0.600","31","0.46","511","72.6","506","0.00","552","545"
"Andrei Arlovski","19","9","0.47","0.466","304","0.34","578","70.9","513","0.14","440","546"
"Steven Siler","9","5","0.56","0.432","439","0.32","585","69.4","528","0.10","494","547"
"Katlyn Chookagian","12","8","0.67","0.354","680","0.19","646","48.4","606","0.08","515","548"
"Sean O'Connell","8","2","0.25","0.520","138","0.00","697","127.4","317","0.30","222","549"
"Chris Camozzi","19","9","0.47","0.476","263","0.20","643","95.2","425","0.05","544","550"
"Andrew Craig","8","3","0.38","0.464","318","0.53","484","121.0","335","0.19","354","551"
"Jason Knight","9","4","0.44","0.388","599","1.05","295","98.3","411","0.21","318","552"
"Joaquim Silva","6","4","0.67","0.349","687","0.08","685","24.3","688","0.15","406","553"
"Brian Kelleher","11","6","0.55","0.397","565","0.51","493","74.2","500","0.17","389","554"
"Teruto Ishihara","9","3","0.33","0.474","272","0.28","608","50.3","599","1.09","4","555"
"James Moontasri","7","2","0.29","0.497","208","0.00","697","110.4","370","0.38","142","556"
"Gray Maynard","11","4","0.36","0.321","716","1.97","112","160.8","235","0.37","158","557"
"Rampage Jackson","7","3","0.43","0.385","608","0.56","472","82.7","473","0.57","65","558"
"Rashad Evans","12","5","0.42","0.367","654","1.63","151","193.8","157","0.01","550","559"
"Jamie Varner","7","2","0.29","0.367","653","3.11","32","160.8","234","0.28","238","560"
"Kailin Curran","7","1","0.14","0.458","341","1.89","118","182.4","175","0.00","552","561"
"Francisco Rivera","10","4","0.40","0.438","414","0.59","458","27.3","677","0.44","116","562"
"Tyson Griffin","5","1","0.20","0.418","494","1.39","213","124.0","326","0.34","181","563"
"Jon Tuck","9","4","0.44","0.405","546","0.33","582","160.1","238","0.19","358","564"
"Shane Campbell","5","1","0.20","0.550","87","0.65","432","97.3","416","0.00","552","565"
"Damian Stasiak","6","2","0.33","0.443","389","1.55","171","116.1","347","0.00","552","565"
"Gian Villante","18","8","0.44","0.450","366","0.38","552","49.1","605","0.21","331","567"
"Ashley Yoder","9","3","0.33","0.409","522","1.07","292","235.1","99","0.11","474","568"
"Vaughan Lee","9","3","0.33","0.474","273","0.89","346","84.7","465","0.11","469","568"
"Henrique da Silva","6","2","0.33","0.584","44","0.14","661","88.2","450","0.00","552","570"
"George Sullivan","7","3","0.43","0.395","576","1.02","301","146.3","273","0.00","552","571"
"Julio Arce","5","3","0.60","0.349","686","0.25","618","69.5","527","0.10","484","572"
"Dhiego Lima","10","4","0.40","0.439","409","0.70","417","69.8","523","0.18","365","573"
"George Roop","10","4","0.40","0.396","573","0.68","421","150.0","263","0.19","348","574"
"Alexander Yakovlev","12","3","0.25","0.495","212","0.90","342","63.2","554","0.19","347","575"
"Chris Leben","8","3","0.38","0.450","367","0.57","469","133.3","303","0.14","437","576"
"Khalil Rountree Jr.","9","4","0.44","0.439","407","0.00","697","7.0","732","0.67","34","577"
"Megan Anderson","6","3","0.50","0.464","322","0.13","669","26.8","678","0.08","511","578"
"Marlon Moraes","9","5","0.56","0.377","630","0.25","628","18.7","703","0.43","120","579"
"Hyun Gyu Lim","7","3","0.43","0.436","422","0.14","664","9.8","728","0.68","29","580"
"Leandro Issa","5","2","0.40","0.372","640","1.50","185","164.2","223","0.00","552","581"
"Valerie Letourneau","6","3","0.50","0.384","615","0.58","460","74.4","499","0.14","431","582"
"Edwin Figueroa","6","2","0.33","0.446","376","0.13","669","148.3","266","0.27","251","583"
"Chris Gruetzemacher","5","2","0.40","0.573","62","0.00","697","23.3","693","0.00","552","584"
"Lucas Martins","7","4","0.57","0.368","649","0.00","697","8.8","730","0.40","135","585"
"Dan Henderson","11","4","0.36","0.448","371","0.40","535","61.3","559","0.42","122","586"
"Yves Edwards","10","4","0.40","0.397","569","0.37","567","99.4","408","0.41","129","587"
"Antonio Silva","10","3","0.30","0.537","102","0.00","697","28.0","673","0.35","177","588"
"Dong Hyun Ma","8","3","0.38","0.443","392","0.79","385","104.7","388","0.12","462","589"
"Lando Vannata","8","3","0.38","0.415","504","0.70","416","51.8","594","0.62","50","590"
"Rony Jason","9","4","0.44","0.453","358","0.20","644","70.0","522","0.13","450","591"
"Thiago Alves","15","6","0.40","0.404","549","0.51","494","65.6","542","0.43","121","592"
"Mirko Filipovic","5","2","0.40","0.427","457","0.07","689","116.7","344","0.25","280","593"
"Lorenz Larkin","10","5","0.50","0.436","424","0.05","694","23.2","694","0.18","368","594"
"Roxanne Modafferi","10","4","0.40","0.299","728","1.17","272","246.7","87","0.09","507","595"
"John Albert","5","1","0.20","0.536","104","0.00","697","29.0","668","0.37","146","596"
"Scott Jorgensen","12","4","0.33","0.410","516","1.52","184","141.5","281","0.06","537","597"
"Gasan Umalatov","6","2","0.33","0.428","455","1.29","239","124.3","324","0.00","552","598"
"Ernest Chavez","5","1","0.20","0.430","446","1.20","263","193.8","158","0.00","552","599"
"Polo Reyes","8","4","0.50","0.357","672","0.00","697","29.4","666","0.71","23","600"
"Erik Koch","10","5","0.50","0.368","651","0.23","632","59.5","564","0.30","226","601"
"Steven Peterson","5","2","0.40","0.309","724","1.53","178","178.4","184","0.00","552","602"
"Ion Cutelaba","9","4","0.44","0.410","518","0.99","313","47.7","610","0.11","481","603"
"Neil Seery","7","3","0.43","0.404","551","0.62","441","47.5","614","0.26","261","604"
"Marion Reneau","12","6","0.50","0.416","499","0.29","604","67.9","536","0.00","552","605"
"Matt Schnell","8","5","0.63","0.366","658","0.23","631","5.7","735","0.00","552","606"
"Jennifer Maia","6","3","0.50","0.401","556","0.13","669","108.2","380","0.00","552","607"
"Austin Hubbard","5","2","0.40","0.447","373","0.53","486","78.6","486","0.00","552","608"
"Jordan Rinaldi","5","2","0.40","0.369","646","1.05","297","161.5","230","0.00","552","609"
"Michael Johnson","24","11","0.46","0.386","607","0.37","562","42.4","627","0.42","125","610"
"Ben Saunders","15","6","0.40","0.507","178","0.08","688","25.8","681","0.09","502","611"
"Sheymon Moraes","5","2","0.40","0.458","344","0.00","697","26.3","680","0.30","225","612"
"Vitor Miranda","8","3","0.38","0.518","140","0.21","636","56.0","584","0.00","552","613"
"Jessica Aguilar","5","1","0.20","0.480","255","0.70","413","104.3","390","0.00","552","614"
"Damir Hadzovic","7","3","0.43","0.427","459","0.29","605","34.1","654","0.26","261","615"
"Markus Perez","7","2","0.29","0.483","243","0.83","368","70.5","518","0.00","552","616"
"Akira Corassani","7","3","0.43","0.465","314","0.30","596","44.4","622","0.00","552","617"
"Leslie Smith","7","4","0.57","0.356","676","0.00","697","37.6","639","0.21","328","618"
"Joe Duffy","8","4","0.50","0.345","695","0.25","618","36.4","645","0.37","160","619"
"Ross Pearson","24","10","0.42","0.409","520","0.63","439","53.1","589","0.21","327","620"
"Daniel Roberts","7","3","0.43","0.227","744","1.55","175","121.2","334","0.00","552","621"
"Luke Barnatt","7","3","0.43","0.398","562","0.48","501","25.0","683","0.34","185","622"
"Seth Baczynski","11","5","0.45","0.346","690","0.47","510","116.1","348","0.18","370","623"
"Douglas Silva de Andrade","8","4","0.50","0.359","665","0.46","512","17.4","706","0.24","283","624"
"Mike Easton","7","3","0.43","0.376","635","0.59","455","57.5","575","0.28","239","625"
"George Sotiropoulos","6","2","0.33","0.251","741","1.47","194","184.9","171","0.16","399","626"
"Charles Rosa","10","4","0.40","0.354","681","1.58","164","106.5","383","0.00","552","627"
"Daniel Sarafian","6","2","0.33","0.449","369","0.15","656","67.1","538","0.32","197","628"
"Marcus Brimage","8","4","0.50","0.366","657","0.47","509","17.0","708","0.21","319","629"
"Damien Brown","6","2","0.33","0.443","391","0.49","499","30.6","660","0.31","214","630"
"Joe Proctor","8","4","0.50","0.358","667","0.00","697","27.7","675","0.37","160","631"
"Dan Miller","8","3","0.38","0.336","706","1.12","280","133.5","302","0.20","336","632"
"Ashlee Evans-Smith","8","3","0.38","0.416","498","0.83","365","116.1","349","0.00","552","633"
"Cung Le","5","2","0.40","0.439","410","0.40","536","15.0","716","0.20","339","634"
"Paulo Thiago","10","2","0.20","0.404","547","1.31","233","95.8","424","0.23","305","635"
"Josh Neer","5","2","0.40","0.458","340","0.31","591","56.3","579","0.00","552","636"
"Minotauro Nogueira","6","2","0.33","0.392","585","0.27","611","103.7","394","0.47","95","637"
"Mark Godbeer","5","2","0.40","0.498","205","0.00","697","14.5","717","0.00","552","638"
"Josh Koscheck","9","3","0.33","0.335","707","1.36","221","194.3","155","0.07","530","639"
"Irene Aldana","9","5","0.56","0.396","572","0.33","581","12.3","726","0.06","540","640"
"Oluwale Bamgbose","5","1","0.20","0.488","227","0.20","640","17.2","707","0.33","190","641"
"Paul Sass","5","3","0.60","0.339","702","0.10","680","18.5","704","0.00","552","642"
"Sam Sicilia","12","5","0.42","0.367","656","0.81","378","115.9","350","0.08","522","642"
"Michihiro Omigawa","5","1","0.20","0.400","559","1.26","250","177.8","186","0.00","552","644"
"Yancy Medeiros","13","6","0.46","0.365","659","0.07","692","30.0","664","0.66","39","645"
"Brad Pickett","14","5","0.36","0.305","726","1.29","241","121.3","333","0.21","326","646"
"Jordan Espinosa","6","2","0.33","0.481","248","0.57","466","27.5","676","0.00","552","647"
"Daniel Teymur","5","1","0.20","0.486","233","0.25","618","107.7","381","0.00","552","648"
"Gadzhimurad Antigulov","7","3","0.43","0.395","575","0.86","354","56.3","580","0.00","552","649"
"Walt Harris","14","6","0.43","0.381","622","0.12","676","19.0","702","0.68","33","650"
"Zak Ottow","9","4","0.44","0.394","580","0.35","572","56.2","581","0.18","369","651"
"Justin Ledet","8","4","0.50","0.423","474","0.12","674","13.7","720","0.00","552","652"
"Bradley Scott","8","3","0.38","0.414","506","0.37","569","146.6","271","0.09","498","653"
"Kevin Aguilar","5","2","0.40","0.385","611","0.15","658","68.5","532","0.37","146","654"
"Frank Camacho","6","2","0.33","0.437","421","0.96","329","65.4","543","0.00","552","655"
"Sam Stout","12","5","0.42","0.301","727","0.74","403","90.0","442","0.21","332","656"
"Mara Romero Borella","7","2","0.29","0.412","509","0.99","316","127.9","316","0.00","552","657"
"Rafaello Oliveira","6","1","0.17","0.335","708","2.14","93","274.4","60","0.00","552","658"
"Richie Vaculik","5","2","0.40","0.400","561","0.80","380","70.6","517","0.00","552","659"
"Bec Rawlings","7","2","0.29","0.464","319","0.38","549","98.3","412","0.00","552","660"
"Ivan Menjivar","8","4","0.50","0.392","589","0.21","634","19.5","701","0.12","456","660"
"Gina Mazany","6","2","0.33","0.404","552","1.07","290","103.3","395","0.00","552","662"
"Ariane Lipski","5","2","0.40","0.326","714","0.37","555","160.5","237","0.15","417","663"
"Anthony Birchak","5","2","0.40","0.383","616","0.37","555","28.5","672","0.35","175","664"
"Joshua Burkman","8","1","0.13","0.434","431","1.30","236","102.0","400","0.01","551","665"
"Veronica Macedo","5","1","0.20","0.483","242","0.33","583","75.8","496","0.00","552","666"
"Yoshihiro Akiyama","6","1","0.17","0.346","692","2.21","83","193.6","159","0.00","552","667"
"DaMarques Johnson","8","3","0.38","0.388","601","0.48","502","83.4","471","0.23","298","668"
"Tae Hyun Bang","5","2","0.40","0.383","618","0.25","618","22.1","696","0.45","106","669"
"Sarah Moras","9","3","0.33","0.400","560","0.64","436","134.1","300","0.00","552","670"
"Johnny Eduardo","8","4","0.50","0.357","670","0.00","697","4.4","738","0.24","288","671"
"Godofredo Pepey","11","5","0.45","0.406","537","0.16","655","59.4","566","0.09","504","672"
"Jared Hamman","6","2","0.33","0.410","517","0.32","587","104.3","389","0.16","399","673"
"Viktor Pesta","6","1","0.17","0.364","661","1.52","182","195.2","154","0.00","552","674"
"Cody McKenzie","7","3","0.43","0.251","742","0.92","340","82.3","474","0.00","552","675"
"Lucie Pudilova","7","2","0.29","0.407","532","0.07","690","120.4","337","0.27","257","676"
"Mizuto Hirota","6","1","0.17","0.372","639","1.43","200","167.4","209","0.00","552","677"
"Jason High","5","2","0.40","0.337","704","0.55","476","123.8","327","0.00","552","678"
"Amanda Cooper","7","3","0.43","0.369","648","0.38","551","86.8","453","0.00","552","679"
"Shane Roller","6","2","0.33","0.313","719","0.52","492","97.0","419","0.32","197","680"
"Joey Beltran","8","2","0.25","0.416","500","0.37","566","172.3","196","0.00","552","681"
"Tom Watson","7","2","0.29","0.458","342","0.00","697","75.3","497","0.14","441","682"
"Fabricio Camoes","5","1","0.20","0.338","703","2.45","60","113.8","361","0.00","552","683"
"Cole Miller","12","5","0.42","0.346","691","0.38","546","57.0","577","0.23","304","684"
"Brendan O'Reilly","5","1","0.20","0.385","610","1.00","307","141.9","279","0.00","552","685"
"Ji Yeon Kim","6","3","0.50","0.340","700","0.00","697","58.5","570","0.08","511","686"
"Jack Marshman","9","4","0.44","0.312","720","0.00","697","3.3","740","0.55","69","687"
"Yaotzin Meza","6","2","0.33","0.349","684","0.72","409","154.0","255","0.00","552","688"
"Matt Hobar","5","2","0.40","0.357","673","0.60","452","85.5","462","0.00","552","689"
"Niklas Backstrom","5","2","0.40","0.444","384","0.00","697","19.5","700","0.00","552","690"
"David Mitchell","5","1","0.20","0.420","485","0.90","344","80.1","482","0.00","552","690"
"Hannah Cifers","7","2","0.29","0.461","334","0.13","667","52.5","591","0.14","441","692"
"Henry Briones","5","1","0.20","0.446","378","0.00","697","12.7","724","0.37","146","693"
"Milana Dudieva","5","2","0.40","0.281","735","1.00","307","70.6","516","0.00","552","694"
"Karolina Kowalkiewicz","11","5","0.45","0.391","591","0.09","683","64.2","548","0.00","552","695"
"Emily Whitmire","5","2","0.40","0.388","600","0.33","583","81.1","479","0.00","552","696"
"Spencer Fisher","5","1","0.20","0.447","375","0.45","515","66.0","541","0.05","542","697"
"Cyril Asker","5","2","0.40","0.369","644","0.57","465","66.4","540","0.00","552","698"
"Dustin Pague","6","1","0.17","0.471","283","0.36","570","65.2","544","0.00","552","699"
"Eddie Wineland","15","6","0.40","0.281","734","0.20","642","25.0","682","0.49","85","700"
"Anthony Njokuani","9","3","0.33","0.435","427","0.45","518","16.6","711","0.11","470","701"
"Blagoy Ivanov","5","2","0.40","0.343","699","0.60","452","44.8","621","0.15","417","702"
"Kyle Bochniak","7","2","0.29","0.336","705","0.94","334","57.1","576","0.28","239","703"
"Ryan Benoit","8","3","0.38","0.359","664","0.12","673","49.6","603","0.44","113","704"
"Clay Collard","5","1","0.20","0.311","723","1.40","209","89.7","444","0.15","417","705"
"Bojan Velickovic","5","2","0.40","0.346","689","0.53","486","32.9","655","0.15","417","706"
"Artem Lobov","8","3","0.38","0.358","668","0.30","602","138.1","289","0.00","552","707"
"Rogerio Nogueira","13","5","0.38","0.375","636","0.08","686","24.4","685","0.40","133","708"
"Dan Hardy","6","2","0.33","0.332","710","0.37","561","95.1","426","0.21","334","709"
"Rodrigo Damm","8","3","0.38","0.406","534","0.47","506","38.1","638","0.00","552","710"
"Karlos Vemola","6","2","0.33","0.392","587","0.65","434","58.4","572","0.00","552","711"
"Tito Ortiz","5","1","0.20","0.312","722","0.94","336","88.3","449","0.18","376","712"
"Joe Soto","8","3","0.38","0.404","550","0.44","520","45.8","619","0.00","552","713"
"Jessica Eye","13","5","0.38","0.370","643","0.38","550","86.2","456","0.00","552","714"
"Shana Dobson","6","2","0.33","0.367","652","0.32","589","20.1","698","0.32","197","715"
"Chase Sherman","8","3","0.38","0.422","478","0.00","697","24.4","686","0.12","461","716"
"Cortney Casey","14","5","0.36","0.424","468","0.24","629","37.3","643","0.00","552","717"
"Mark Hominick","5","1","0.20","0.376","634","0.17","649","53.1","590","0.37","146","718"
"Maki Pitolo","5","1","0.20","0.406","540","0.67","423","59.0","567","0.00","552","719"
"Tyson Nam","5","2","0.40","0.296","730","0.00","697","29.1","667","0.25","268","720"
"Alessio Sakara","5","1","0.20","0.407","530","0.02","695","9.7","729","0.39","141","721"
"Mike de la Torre","6","2","0.33","0.397","568","0.16","654","46.8","616","0.15","406","722"
"Mark De La Rosa","7","2","0.29","0.419","487","0.38","547","50.0","601","0.00","552","723"
"BJ Penn","10","1","0.10","0.396","574","0.50","496","82.2","475","0.15","428","724"
"Sean Spencer","8","3","0.38","0.312","721","0.11","677","46.7","617","0.27","260","725"
"Duane Ludwig","6","2","0.33","0.397","566","0.14","661","49.8","602","0.08","519","726"
"Rafael Feijao","5","1","0.20","0.430","447","0.00","697","5.5","737","0.17","378","727"
"Elizabeth Phillips","5","1","0.20","0.285","732","0.20","640","176.8","188","0.00","552","728"
"Dustin Kimura","5","2","0.40","0.282","733","0.30","598","37.3","642","0.00","552","729"
"KJ Noons","5","2","0.40","0.365","660","0.00","697","0.5","743","0.07","525","730"
"Yosdenis Cedeno","5","1","0.20","0.328","713","0.00","697","71.1","512","0.25","268","731"
"Vik Grujic","5","2","0.40","0.245","743","0.25","618","27.9","674","0.00","552","732"
"Danielle Taylor","5","2","0.40","0.261","740","0.37","555","0.4","744","0.00","552","733"
"Nam Phan","8","2","0.25","0.406","538","0.12","674","55.3","586","0.00","552","734"
"Joby Sanchez","6","1","0.17","0.278","736","0.29","603","26.4","679","0.46","103","735"
"Mitch Clarke","7","2","0.29","0.299","729","0.42","528","79.0","484","0.00","552","736"
"Brandon Davis","7","2","0.29","0.376","633","0.35","574","24.5","684","0.00","552","737"
"Takanori Gomi","13","4","0.31","0.345","694","0.08","686","46.3","618","0.15","414","738"
"Leonard Garcia","6","1","0.17","0.263","739","0.49","499","56.4","578","0.14","431","739"
"Yao Zhikui","5","1","0.20","0.271","738","0.15","658","89.0","447","0.00","552","740"
"Thibault Gouti","6","1","0.17","0.333","709","0.33","580","38.9","634","0.13","451","741"
"Albert Morales","6","1","0.17","0.340","701","0.30","594","67.8","537","0.00","552","742"
"Matt Dwyer","5","1","0.20","0.186","745","0.00","697","3.6","739","0.25","268","743"
"Gilbert Melendez","7","1","0.14","0.290","731","0.55","475","54.4","587","0.00","552","744"
"John Phillips","6","1","0.17","0.277","737","0.00","697","13.2","723","0.27","251","745"
